_time,Unnamed: 0,result,table,x,y,z
2023-05-16 07:00:00+00:00,,,0.0,41.61366666666667,-31.496333333333332,4125.279
2023-05-16 07:01:00+00:00,,,0.0,41.66266666666667,-31.48966666666667,4136.203
2023-05-16 07:02:00+00:00,,,0.0,39.798,-33.113,4137.086333333334
2023-05-16 07:03:00+00:00,,,0.0,42.143,-31.682333333333332,4147.597333333333
2023-05-16 07:04:00+00:00,,,0.0,39.556333333333335,-34.523,4124.603666666667
2023-05-16 07:05:00+00:00,,,0.0,40.05705705705706,-34.48448448448448,4124.544544544545
2023-05-16 07:06:00+00:00,,,0.0,45.168,-27.75,4155.102666666667
2023-05-16 07:07:00+00:00,,,0.0,40.17066666666667,-33.77433333333333,4123.509
2023-05-16 07:08:00+00:00,,,0.0,39.01166666666666,-33.873666666666665,4133.510666666667
2023-05-16 07:09:00+00:00,,,0.0,43.05307640297498,-29.039553752535497,4134.982082488168
2023-05-16 07:10:00+00:00,,,0.0,40.2656462585034,-33.12074829931973,4128.811224489796
2023-05-16 07:11:00+00:00,,,0.0,44.4547619047619,-29.64659863945578,4147.892176870749
2023-05-16 07:12:00+00:00,,,0.0,41.930870891223314,-32.09013893595392,4114.747882073873
2023-05-16 07:13:00+00:00,,,0.0,43.30833333333333,-29.909333333333333,4156.632333333333
2023-05-16 07:14:00+00:00,,,0.0,41.942,-32.590333333333334,4115.022666666667
2023-05-16 07:15:00+00:00,,,0.0,41.182,-31.875333333333334,4142.909333333333
2023-05-16 07:16:00+00:00,,,0.0,41.72833333333333,-31.081,4136.013333333333
2023-05-16 07:17:00+00:00,,,0.0,39.23433333333333,-33.723333333333336,4128.756666666667
2023-05-16 07:18:00+00:00,,,0.0,43.16404944871366,-29.668225860340794,4156.1373204143
2023-05-16 07:19:00+00:00,,,0.0,41.492,-32.913333333333334,4121.924666666667
2023-05-16 07:20:00+00:00,,,0.0,42.47866666666667,-30.391333333333332,4135.092333333333
2023-05-16 07:21:00+00:00,,,0.0,42.49366666666667,-31.502666666666666,4133.422
2023-05-16 07:22:00+00:00,,,0.0,42.42033333333333,-32.331,4135.680666666667
2023-05-16 07:23:00+00:00,,,0.0,42.764,-30.252,4135.136666666666
2023-05-16 07:24:00+00:00,,,0.0,41.27766666666667,-32.977333333333334,4125.129333333333
2023-05-16 07:25:00+00:00,,,0.0,43.482655103402266,-29.596397598398934,4145.549699799866
2023-05-16 07:26:00+00:00,,,0.0,43.64933333333333,-29.77,4121.487666666667
2023-05-16 07:27:00+00:00,,,0.0,40.12733333333333,-31.748333333333335,4140.444666666666
2023-05-16 07:28:00+00:00,,,0.0,42.300666666666665,-29.86,4135.875666666667
2023-05-16 07:29:00+00:00,,,0.0,43.193,-29.234333333333332,4143.020666666666
2023-05-16 07:30:00+00:00,,,0.0,41.122,-32.035,4120.204333333333
2023-05-16 07:31:00+00:00,,,0.0,37.43677010343677,-36.81047714381048,4134.2972972972975
2023-05-16 07:32:00+00:00,,,0.0,36.995,-36.755,4134.282666666667
2023-05-16 07:33:00+00:00,,,0.0,42.166666666666664,-31.083,4142.966
2023-05-16 07:34:00+00:00,,,0.0,40.02466666666667,-32.870666666666665,4124.128
2023-05-16 07:35:00+00:00,,,0.0,42.155,-30.832333333333334,4139.560666666666
2023-05-16 07:36:00+00:00,,,0.0,40.669889963321104,-33.28709569856619,4117.019006335445
2023-05-16 07:37:00+00:00,,,0.0,42.63066666666667,-29.735333333333333,4156.790333333333
2023-05-16 07:38:00+00:00,,,0.0,41.09603201067022,-33.072024008002664,4128.623207735912
2023-05-16 07:39:00+00:00,,,0.0,44.063,-29.770333333333333,4128.652
2023-05-16 07:40:00+00:00,,,0.0,42.444148049349785,-29.84361453817939,4138.4894964988325
2023-05-16 07:41:00+00:00,,,0.0,42.64333333333333,-29.872333333333334,4134.200666666667
2023-05-16 07:42:00+00:00,,,0.0,41.554,-31.551333333333332,4145.496666666667
2023-05-16 07:43:00+00:00,,,0.0,40.56066666666667,-33.812666666666665,4118.292
2023-05-16 07:44:00+00:00,,,0.0,43.71184166387118,-28.957732304595773,4135.670580342167
2023-05-16 07:45:00+00:00,,,0.0,43.60262008733624,-29.425596237823314,4134.074571716493
2023-05-16 07:46:00+00:00,,,0.0,42.755837224816545,-28.838892595063374,4133.1487658438955
2023-05-16 07:47:00+00:00,,,0.0,42.83755837224817,-27.727818545697133,4134.051367578386
2023-05-16 07:48:00+00:00,,,0.0,40.89966666666667,-34.233333333333334,4132.63
2023-05-16 07:49:00+00:00,,,0.0,38.794,-35.013,4132.921333333334
2023-05-16 07:50:00+00:00,,,0.0,42.394,-32.28966666666667,4139.1613333333335
2023-05-16 07:51:00+00:00,,,0.0,43.92333333333333,-28.494333333333334,4134.4766666666665
2023-05-16 07:52:00+00:00,,,0.0,43.657885961987326,-29.64921640546849,4143.196065355119
2023-05-16 07:53:00+00:00,,,0.0,38.994,-34.34466666666667,4123.4276666666665
2023-05-16 07:54:00+00:00,,,0.0,44.34133333333333,-29.836666666666666,4133.577666666667
2023-05-16 07:55:00+00:00,,,0.0,42.65533333333333,-29.676666666666666,4132.526
2023-05-16 07:56:00+00:00,,,0.0,41.653,-31.263666666666666,4134.914666666667
2023-05-16 07:57:00+00:00,,,0.0,42.214,-30.374333333333333,4137.14
2023-05-16 07:58:00+00:00,,,0.0,39.23866666666667,-34.016,4127.480333333333
2023-05-16 07:59:00+00:00,,,0.0,44.647666666666666,-28.565666666666665,4142.282666666667
2023-05-16 08:00:00+00:00,,,0.0,41.783,-31.309333333333335,4135.0616666666665
2023-05-16 08:01:00+00:00,,,0.0,39.87533333333333,-33.63,4133.693666666667
2023-05-16 08:02:00+00:00,,,0.0,39.341,-33.87266666666667,4146.782333333334
2023-05-16 08:03:00+00:00,,,0.0,44.44766666666667,-29.474,4121.613
2023-05-16 08:04:00+00:00,,,0.0,42.659666666666666,-30.439666666666668,4136.381666666667
2023-05-16 08:05:00+00:00,,,0.0,38.71666666666667,-35.061,4128.735
2023-05-16 08:06:00+00:00,,,0.0,38.73457819273091,-35.00900300100033,4128.790930310103
2023-05-16 08:07:00+00:00,,,0.0,44.336,-29.726666666666667,4152.357
2023-05-16 08:08:00+00:00,,,0.0,45.707,-29.896333333333335,4110.3386666666665
2023-05-16 08:09:00+00:00,,,0.0,43.025333333333336,-28.904333333333334,4154.663333333333
2023-05-16 08:10:00+00:00,,,0.0,38.821333333333335,-36.35333333333333,4123.155333333333
2023-05-16 08:11:00+00:00,,,0.0,37.381,-37.489,4133.29
2023-05-16 08:12:00+00:00,,,0.0,38.84766666666667,-35.196,4121.628
2023-05-16 08:13:00+00:00,,,0.0,44.53666666666667,-28.694666666666667,4146.155333333333
2023-05-16 08:14:00+00:00,,,0.0,43.473333333333336,-29.366666666666667,4133.670666666667
2023-05-16 08:15:00+00:00,,,0.0,43.18866666666667,-29.469333333333335,4134.057333333333
2023-05-16 08:16:00+00:00,,,0.0,43.842614204734915,-30.164054684894964,4143.219073024341
2023-05-16 08:17:00+00:00,,,0.0,42.682,-31.096,4124.730333333333
2023-05-16 08:18:00+00:00,,,0.0,43.456,-29.998333333333335,4130.662333333334
2023-05-16 08:19:00+00:00,,,0.0,43.62837837837838,-29.62804054054054,4134.784121621622
2023-05-16 08:20:00+00:00,,,0.0,43.483486550902285,-29.29009193054137,4133.115764385428
2023-05-16 08:21:00+00:00,,,0.0,43.874489795918365,-29.565646258503403,4132.7704081632655
2023-05-16 08:22:00+00:00,,,0.0,43.67289096365455,-29.132044014671557,4133.908302767589
2023-05-16 08:23:00+00:00,,,0.0,41.95133333333333,-30.480333333333334,4144.655
2023-05-16 08:24:00+00:00,,,0.0,39.37658438959306,-35.09439626417612,4124.502334889927
2023-05-16 08:25:00+00:00,,,0.0,38.91416165664663,-34.68370073480294,4134.138276553106
2023-05-16 08:26:00+00:00,,,0.0,39.227,-35.06366666666667,4133.188666666667
2023-05-16 08:27:00+00:00,,,0.0,43.23041013671224,-31.29776592197399,4131.462487495832
2023-05-16 08:28:00+00:00,,,0.0,43.36,-30.555,4149.774
2023-05-16 08:29:00+00:00,,,0.0,41.068,-33.225,4125.197
2023-05-16 08:30:00+00:00,,,0.0,43.467666666666666,-30.461,4131.848333333333
2023-05-16 08:31:00+00:00,,,0.0,42.97833333333333,-31.411,4145.609666666666
2023-05-16 08:32:00+00:00,,,0.0,41.778666666666666,-31.993,4119.235
2023-05-16 08:33:00+00:00,,,0.0,41.68,-31.609666666666666,4130.556
2023-05-16 08:34:00+00:00,,,0.0,44.143,-29.221,4153.6123333333335
2023-05-16 08:35:00+00:00,,,0.0,38.794529686457636,-34.26717811874583,4112.980987324883
2023-05-16 08:36:00+00:00,,,0.0,43.994,-29.076666666666668,4144.930666666667
2023-05-16 08:37:00+00:00,,,0.0,39.44866666666667,-35.151,4134.066333333333
2023-05-16 08:38:00+00:00,,,0.0,41.793,-33.28,4132.941333333333
2023-05-16 08:39:00+00:00,,,0.0,45.37466666666667,-29.141666666666666,4134.258
2023-05-16 08:40:00+00:00,,,0.0,43.30976992330777,-30.482827609203067,4143.501833944648
2023-05-16 08:41:00+00:00,,,0.0,42.287333333333336,-32.17466666666667,4126.036666666667
2023-05-16 08:42:00+00:00,,,0.0,44.08833333333333,-29.104666666666667,4131.508333333333
2023-05-16 08:43:00+00:00,,,0.0,41.52033333333333,-33.43266666666667,4135.391333333333
2023-05-16 08:44:00+00:00,,,0.0,44.462666666666664,-29.338,4135.519
2023-05-16 08:45:00+00:00,,,0.0,43.763,-29.247666666666667,4134.049666666667
2023-05-16 08:46:00+00:00,,,0.0,43.056,-29.667,4133.185
2023-05-16 08:47:00+00:00,,,0.0,44.349,-29.27466666666667,4142.631333333334
2023-05-16 08:48:00+00:00,,,0.0,42.883,-31.112333333333332,4128.895333333333
2023-05-16 08:49:00+00:00,,,0.0,41.076358786262084,-32.461820606868955,4137.125708569523
2023-05-16 08:50:00+00:00,,,0.0,42.376,-30.525,4132.988
2023-05-16 08:51:00+00:00,,,0.0,43.68266666666667,-29.271333333333335,4133.742666666667
2023-05-16 08:52:00+00:00,,,0.0,44.57966666666667,-28.734,4133.857333333333
2023-05-16 08:53:00+00:00,,,0.0,43.68966666666667,-29.814,4141.022333333333
2023-05-16 08:54:00+00:00,,,0.0,42.92633333333333,-30.697333333333333,4128.259333333333
2023-05-16 08:55:00+00:00,,,0.0,39.272333333333336,-34.46933333333333,4123.67
2023-05-16 08:56:00+00:00,,,0.0,45.81596752368065,-27.87212449255751,4137.698579161029
2023-05-16 08:57:00+00:00,,,0.0,44.35896563456958,-29.08846546444369,4133.3402517863215
2023-05-16 08:58:00+00:00,,,0.0,42.96481732070365,-30.50811907983762,4132.665087956698
2023-05-16 08:59:00+00:00,,,0.0,45.56133333333333,-28.509,4131.393333333333
2023-05-16 09:00:00+00:00,,,0.0,42.14171390463488,-32.09903301100367,4130.525841947316
2023-05-16 09:01:00+00:00,,,0.0,42.93564521507169,-32.01900633544515,4127.21873957986
2023-05-16 09:02:00+00:00,,,0.0,45.468666666666664,-27.707333333333334,4139.685
2023-05-16 09:03:00+00:00,,,0.0,39.59133333333333,-34.556666666666665,4127.672
2023-05-16 09:04:00+00:00,,,0.0,40.92666666666667,-33.37833333333333,4134.5233333333335
2023-05-16 09:05:00+00:00,,,0.0,44.76,-29.267333333333333,4126.652666666667
2023-05-16 09:06:00+00:00,,,0.0,43.06433333333333,-28.963333333333335,4139.673333333333
2023-05-16 09:07:00+00:00,,,0.0,38.64833333333333,-34.25633333333333,4121.177
2023-05-16 09:08:00+00:00,,,0.0,47.223,-27.066333333333333,4132.218333333333
2023-05-16 09:09:00+00:00,,,0.0,42.415,-28.558333333333334,4151.782333333334
2023-05-16 09:10:00+00:00,,,0.0,38.96333333333333,-32.358666666666664,4126.452666666667
2023-05-16 09:11:00+00:00,,,0.0,44.980666666666664,-30.285,4123.198
2023-05-16 09:12:00+00:00,,,0.0,44.428,-28.347666666666665,4142.942
2023-05-16 09:13:00+00:00,,,0.0,43.73566666666667,-29.019,4133.386
2023-05-16 09:14:00+00:00,,,0.0,43.555,-29.322666666666667,4144.173
2023-05-16 09:15:00+00:00,,,0.0,42.94733333333333,-31.326666666666668,4115.462666666666
2023-05-16 09:16:00+00:00,,,0.0,42.03066666666667,-30.547666666666668,4149.256333333334
2023-05-16 09:17:00+00:00,,,0.0,44.956,-29.19,4124.097333333333
2023-05-16 09:18:00+00:00,,,0.0,41.37391594396264,-32.30020013342228,4137.205470313543
2023-05-16 09:19:00+00:00,,,0.0,46.089333333333336,-29.834666666666667,4133.185666666666
2023-05-16 09:20:00+00:00,,,0.0,43.654218072690895,-29.4378126042014,4132.9326442147385
2023-05-16 09:21:00+00:00,,,0.0,43.782666666666664,-29.058666666666667,4129.905666666667
2023-05-16 09:22:00+00:00,,,0.0,43.19766666666667,-29.71,4144.307333333333
2023-05-16 09:23:00+00:00,,,0.0,39.903333333333336,-33.357,4113.711333333334
2023-05-16 09:24:00+00:00,,,0.0,43.67133333333334,-29.312666666666665,4143.808333333333
2023-05-16 09:25:00+00:00,,,0.0,44.091,-28.579,4142.778333333334
2023-05-16 09:26:00+00:00,,,0.0,44.039,-28.656666666666666,4111.795
2023-05-16 09:27:00+00:00,,,0.0,43.40866666666667,-28.761333333333333,4143.495333333333
2023-05-16 09:28:00+00:00,,,0.0,43.38466666666667,-29.126,4132.7953333333335
2023-05-16 09:29:00+00:00,,,0.0,43.85333333333333,-29.098333333333333,4132.691
2023-05-16 09:30:00+00:00,,,0.0,44.06996986943422,-28.972882490793438,4133.125544024105
2023-05-16 09:31:00+00:00,,,0.0,43.9391156462585,-28.6234693877551,4132.841156462585
2023-05-16 09:32:00+00:00,,,0.0,43.68606998654105,-28.80955585464334,4132.7032301480485
2023-05-16 09:33:00+00:00,,,0.0,43.80866666666667,-29.160333333333334,4133.413666666666
2023-05-16 09:34:00+00:00,,,0.0,43.745,-29.225,4132.928666666667
2023-05-16 09:35:00+00:00,,,0.0,43.98766666666667,-28.987666666666666,4133.387333333333
2023-05-16 09:36:00+00:00,,,0.0,44.038333333333334,-29.185333333333332,4132.422666666666
2023-05-16 09:37:00+00:00,,,0.0,44.341,-29.308666666666667,4132.6106666666665
2023-05-16 09:38:00+00:00,,,0.0,43.57566666666666,-28.731,4132.559333333334
2023-05-16 09:39:00+00:00,,,0.0,44.254333333333335,-28.606,4133.032
2023-05-16 09:40:00+00:00,,,0.0,42.66733333333333,-31.132,4128.533
2023-05-16 09:41:00+00:00,,,0.0,40.72657552517506,-33.444481493831276,4133.002667555852
2023-05-16 09:42:00+00:00,,,0.0,40.95633333333333,-33.303,4133.0886666666665
2023-05-16 09:43:00+00:00,,,0.0,41.79566666666667,-33.32633333333333,4119.650333333333
2023-05-16 09:44:00+00:00,,,0.0,43.952666666666666,-30.233666666666668,4149.049666666667
2023-05-16 09:45:00+00:00,,,0.0,44.53333333333333,-29.146,4133.127333333333
2023-05-16 09:46:00+00:00,,,0.0,44.18833333333333,-28.663333333333334,4133.489666666666
2023-05-16 09:47:00+00:00,,,0.0,44.00766922307436,-29.227742580860287,4133.111703901301
2023-05-16 09:48:00+00:00,,,0.0,45.004333333333335,-28.700333333333333,4133.319666666666
2023-05-16 09:49:00+00:00,,,0.0,44.42973800612453,-29.152773052058524,4124.055120789384
2023-05-16 09:50:00+00:00,,,0.0,44.348782927642546,-28.91563854618206,4142.615205068356
2023-05-16 09:51:00+00:00,,,0.0,44.117,-29.096666666666668,4132.9563333333335
2023-05-16 09:52:00+00:00,,,0.0,44.64266666666666,-29.184666666666665,4132.432333333333
2023-05-16 09:53:00+00:00,,,0.0,44.034333333333336,-29.067,4132.946333333333
2023-05-16 09:54:00+00:00,,,0.0,44.1,-29.194,4132.838333333333
2023-05-16 09:55:00+00:00,,,0.0,44.53286619953287,-28.779446112779446,4133.75008341675
2023-05-16 09:56:00+00:00,,,0.0,44.5015015015015,-29.110777444110777,4132.286953620287
2023-05-16 09:57:00+00:00,,,0.0,45.003,-28.998666666666665,4132.867666666667
2023-05-16 09:58:00+00:00,,,0.0,46.159,-28.388666666666666,4143.3043333333335
2023-05-16 09:59:00+00:00,,,0.0,41.04233333333333,-32.80566666666667,4121.916666666667
2023-05-16 10:00:00+00:00,,,0.0,40.801,-33.28366666666667,4133.041666666667
2023-05-16 10:01:00+00:00,,,0.0,39.872,-33.788333333333334,4133.104666666667
2023-05-16 10:02:00+00:00,,,0.0,40.313,-33.63933333333333,4133.990666666667
2023-05-16 10:03:00+00:00,,,0.0,39.847,-33.613,4133.518666666667
2023-05-16 10:04:00+00:00,,,0.0,39.589666666666666,-33.788333333333334,4134.219666666667
2023-05-16 10:05:00+00:00,,,0.0,39.675,-33.36933333333333,4134.314
2023-05-16 10:06:00+00:00,,,0.0,39.559,-33.958,4133.687666666667
2023-05-16 10:07:00+00:00,,,0.0,40.10827168796234,-33.47679892400807,4134.494283792871
2023-05-16 10:08:00+00:00,,,0.0,39.64164402173913,-33.77173913043478,4134.204823369565
2023-05-16 10:09:00+00:00,,,0.0,39.64833333333333,-33.82033333333333,4134.202333333334
2023-05-16 10:10:00+00:00,,,0.0,39.38246082027342,-33.57885961987329,4133.290430143381
2023-05-16 10:11:00+00:00,,,0.0,39.50833333333333,-34.12266666666667,4134.749333333333
2023-05-16 10:12:00+00:00,,,0.0,39.592333333333336,-34.21933333333333,4134.053
2023-05-16 10:13:00+00:00,,,0.0,38.98099366455485,-33.88762920973658,4134.327442480827
2023-05-16 10:14:00+00:00,,,0.0,38.961333333333336,-33.956,4135.274333333334
2023-05-16 10:15:00+00:00,,,0.0,38.887,-34.083,4134.016666666666
2023-05-16 10:16:00+00:00,,,0.0,39.117333333333335,-33.891333333333336,4133.556666666666
2023-05-16 10:17:00+00:00,,,0.0,39.44,-33.863,4134.224333333334
2023-05-16 10:18:00+00:00,,,0.0,39.18739579859953,-34.41713904634878,4140.334111370456
2023-05-16 10:19:00+00:00,,,0.0,43.38633333333333,-30.558333333333334,4130.492666666667
2023-05-16 10:20:00+00:00,,,0.0,43.48733333333333,-29.376333333333335,4134.331
2023-05-16 10:21:00+00:00,,,0.0,44.12537512504168,-29.187395798599532,4132.989663221074
2023-05-16 10:22:00+00:00,,,0.0,43.162333333333336,-29.411333333333335,4133.722333333333
2023-05-16 10:23:00+00:00,,,0.0,43.96033333333333,-29.02166666666667,4145.121
2023-05-16 10:24:00+00:00,,,0.0,42.357,-31.062,4123.468
2023-05-16 10:25:00+00:00,,,0.0,42.342666666666666,-31.508,4133.054
2023-05-16 10:26:00+00:00,,,0.0,42.11,-30.894666666666666,4133.013
2023-05-16 10:27:00+00:00,,,0.0,43.90233333333333,-30.191333333333333,4132.214
2023-05-16 10:28:00+00:00,,,0.0,44.012,-28.911,4133.846666666666
2023-05-16 10:29:00+00:00,,,0.0,43.10366666666667,-29.096666666666668,4134.605
2023-05-16 10:30:00+00:00,,,0.0,43.56333333333333,-29.946,4120.083666666666
2023-05-16 10:31:00+00:00,,,0.0,45.227636849132175,-28.90086782376502,4144.973631508678
2023-05-16 10:32:00+00:00,,,0.0,44.800666666666665,-29.371666666666666,4130.988666666667
2023-05-16 10:33:00+00:00,,,0.0,44.806333333333335,-29.060333333333332,4132.5216666666665
2023-05-16 10:34:00+00:00,,,0.0,44.57233333333333,-29.231666666666666,4132.118666666666
2023-05-16 10:35:00+00:00,,,0.0,42.46366666666667,-32.574333333333335,4135.886
2023-05-16 10:36:00+00:00,,,0.0,45.118,-30.004,4133.553666666667
2023-05-16 10:37:00+00:00,,,0.0,43.99933333333333,-27.436333333333334,4133.833666666666
2023-05-16 10:38:00+00:00,,,0.0,43.542,-27.104666666666667,4131.587666666666
2023-05-16 10:39:00+00:00,,,0.0,43.3948700641242,-27.680728990887612,4132.547080661492
2023-05-16 10:40:00+00:00,,,0.0,44.385268160217244,-27.556347589952477,4132.0397148676175
2023-05-16 10:41:00+00:00,,,0.0,41.57833333333333,-31.548,4129.404
2023-05-16 10:42:00+00:00,,,0.0,42.972,-30.788666666666668,4134.038333333333
2023-05-16 10:43:00+00:00,,,0.0,43.97932644214738,-28.612204068022674,4132.153051017006
2023-05-16 10:44:00+00:00,,,0.0,44.285666666666664,-28.495666666666665,4132.239333333333
2023-05-16 10:45:00+00:00,,,0.0,44.90026684456304,-29.09439626417612,4131.318879252835
2023-05-16 10:46:00+00:00,,,0.0,44.22,-28.629,4132.464
2023-05-16 10:47:00+00:00,,,0.0,44.56933333333333,-28.434333333333335,4131.995333333333
2023-05-16 10:48:00+00:00,,,0.0,43.772,-29.71,4133.691333333333
2023-05-16 10:49:00+00:00,,,0.0,42.824666666666666,-30.488,4132.527333333333
2023-05-16 10:50:00+00:00,,,0.0,42.428285523682455,-30.341561040693797,4132.086390927285
2023-05-16 10:51:00+00:00,,,0.0,42.662333333333336,-30.593666666666667,4132.205666666667
2023-05-16 10:52:00+00:00,,,0.0,43.944,-29.066,4120.917
2023-05-16 10:53:00+00:00,,,0.0,44.795,-28.118666666666666,4142.66
2023-05-16 10:54:00+00:00,,,0.0,44.55833333333333,-28.701666666666668,4133.165
2023-05-16 10:55:00+00:00,,,0.0,44.654333333333334,-29.454333333333334,4133.102333333333
2023-05-16 10:56:00+00:00,,,0.0,44.76233333333333,-28.517666666666667,4133.298666666667
2023-05-16 10:57:00+00:00,,,0.0,45.119,-28.611,4132.817666666667
2023-05-16 10:58:00+00:00,,,0.0,45.16711140760507,-28.59706470980654,4132.134422948632
2023-05-16 10:59:00+00:00,,,0.0,45.14066666666667,-28.881666666666668,4132.462666666666
2023-05-16 11:00:00+00:00,,,0.0,44.919333333333334,-28.886666666666667,4132.235333333333
2023-05-16 11:01:00+00:00,,,0.0,44.70766666666667,-28.595333333333333,4133.233
2023-05-16 11:02:00+00:00,,,0.0,41.51866666666667,-32.233333333333334,4120.393333333333
2023-05-16 11:03:00+00:00,,,0.0,45.639,-28.869333333333334,4143.041333333334
2023-05-16 11:04:00+00:00,,,0.0,44.578,-28.444333333333333,4132.897
2023-05-16 11:05:00+00:00,,,0.0,44.966,-28.263,4132.1
2023-05-16 11:06:00+00:00,,,0.0,45.00533333333333,-27.869333333333334,4132.874666666667
2023-05-16 11:07:00+00:00,,,0.0,44.97266666666667,-29.122666666666667,4142.109666666666
2023-05-16 11:08:00+00:00,,,0.0,41.64233333333333,-32.909333333333336,4119.742333333334
2023-05-16 11:09:00+00:00,,,0.0,45.272666666666666,-28.236333333333334,4133.853
2023-05-16 11:10:00+00:00,,,0.0,44.715,-28.572333333333333,4133.478
2023-05-16 11:11:00+00:00,,,0.0,45.232,-29.198666666666668,4133.2936666666665
2023-05-16 11:12:00+00:00,,,0.0,45.029666666666664,-28.409,4132.698
2023-05-16 11:13:00+00:00,,,0.0,44.909333333333336,-28.24266666666667,4132.301
2023-05-16 11:14:00+00:00,,,0.0,45.43372287145242,-27.926210350584306,4133.003338898164
2023-05-16 11:15:00+00:00,,,0.0,45.05531197301855,-28.438785834738617,4132.480944350759
2023-05-16 11:16:00+00:00,,,0.0,45.17151454363089,-28.409896355733867,4132.520561685055
2023-05-16 11:17:00+00:00,,,0.0,45.019333333333336,-27.916666666666668,4132.698333333334
2023-05-16 11:18:00+00:00,,,0.0,45.101,-27.904666666666667,4133.67
2023-05-16 11:19:00+00:00,,,0.0,44.927,-28.181,4132.397333333333
2023-05-16 11:20:00+00:00,,,0.0,42.520013342228154,-31.68145430286858,4119.683122081387
2023-05-16 11:21:00+00:00,,,0.0,45.47833333333333,-27.603,4144.515666666666
2023-05-16 11:22:00+00:00,,,0.0,45.343,-28.156,4132.563666666667
2023-05-16 11:23:00+00:00,,,0.0,45.113,-28.967666666666666,4132.953
2023-05-16 11:24:00+00:00,,,0.0,45.641,-28.28,4133.131333333334
2023-05-16 11:25:00+00:00,,,0.0,45.374,-28.096,4137.231
2023-05-16 11:26:00+00:00,,,0.0,42.73833333333334,-30.223333333333333,4132.3296666666665
2023-05-16 11:27:00+00:00,,,0.0,44.83889259506338,-27.891260840560374,4133.542361574383
2023-05-16 11:28:00+00:00,,,0.0,45.397666666666666,-28.709666666666667,4133.201666666667
2023-05-16 11:29:00+00:00,,,0.0,45.227333333333334,-28.380333333333333,4132.794333333333
2023-05-16 11:30:00+00:00,,,0.0,45.27133333333333,-28.478666666666665,4132.692
2023-05-16 11:31:00+00:00,,,0.0,44.51466666666666,-28.222333333333335,4133.554
2023-05-16 11:32:00+00:00,,,0.0,45.55803869246164,-28.323882588392262,4133.624749833222
2023-05-16 11:33:00+00:00,,,0.0,44.895,-28.444666666666667,4133.675
2023-05-16 11:34:00+00:00,,,0.0,44.906666666666666,-28.099,4133.166333333334
2023-05-16 11:35:00+00:00,,,0.0,45.164,-28.556333333333335,4133.414
2023-05-16 11:36:00+00:00,,,0.0,45.519333333333336,-28.579,4132.636333333333
2023-05-16 11:37:00+00:00,,,0.0,45.047,-28.431,4132.743
2023-05-16 11:38:00+00:00,,,0.0,46.43566666666667,-27.718666666666667,4132.961
2023-05-16 11:39:00+00:00,,,0.0,45.501,-28.647666666666666,4133.753
2023-05-16 11:40:00+00:00,,,0.0,43.992666666666665,-27.519,4133.361666666667
2023-05-16 11:41:00+00:00,,,0.0,44.169333333333334,-27.366333333333333,4133.119
2023-05-16 11:42:00+00:00,,,0.0,44.33989326217478,-27.3945963975984,4132.761507671781
2023-05-16 11:43:00+00:00,,,0.0,44.495,-26.737333333333332,4132.776333333333
2023-05-16 11:44:00+00:00,,,0.0,44.431666666666665,-27.023666666666667,4132.3516666666665
2023-05-16 11:45:00+00:00,,,0.0,44.48466666666667,-27.409,4132.342
2023-05-16 11:46:00+00:00,,,0.0,44.62433333333333,-27.217666666666666,4133.032666666667
2023-05-16 11:47:00+00:00,,,0.0,44.376,-27.207666666666668,4132.626333333334
2023-05-16 11:48:00+00:00,,,0.0,44.88333333333333,-27.064666666666668,4133.571333333333
2023-05-16 11:49:00+00:00,,,0.0,45.232,-27.512666666666668,4142.733
2023-05-16 11:50:00+00:00,,,0.0,44.650333333333336,-29.151666666666667,4123.91
2023-05-16 11:51:00+00:00,,,0.0,45.76433333333333,-27.825333333333333,4133.636666666666
2023-05-16 11:52:00+00:00,,,0.0,45.46179966044143,-27.82988115449915,4132.76298811545
2023-05-16 11:53:00+00:00,,,0.0,45.699557672677784,-27.93671316774413,4133.178632187819
2023-05-16 11:54:00+00:00,,,0.0,45.568219912839425,-28.157224270868255,4132.717398592022
2023-05-16 11:55:00+00:00,,,0.0,45.479973297730304,-27.854472630173564,4133.609813084112
2023-05-16 11:56:00+00:00,,,0.0,45.96633333333333,-27.601,4132.876666666667
2023-05-16 11:57:00+00:00,,,0.0,45.61687229076359,-27.50916972324108,4132.482494164721
2023-05-16 11:58:00+00:00,,,0.0,45.44433333333333,-27.839666666666666,4133.1686666666665
2023-05-16 11:59:00+00:00,,,0.0,45.68566666666667,-27.890333333333334,4133.001333333334
2023-05-16 12:00:00+00:00,,,0.0,45.86366666666667,-28.122666666666667,4132.068666666667
2023-05-16 12:01:00+00:00,,,0.0,45.876,-27.994333333333334,4132.691666666667
2023-05-16 12:02:00+00:00,,,0.0,45.686457638425615,-28.096731154102734,4133.492661774516
2023-05-16 12:03:00+00:00,,,0.0,45.012,-27.539,4132.848
2023-05-16 12:04:00+00:00,,,0.0,45.80993664554852,-28.301767255751916,4132.982660886963
2023-05-16 12:05:00+00:00,,,0.0,40.36533333333333,-31.62,4127.146
2023-05-16 12:06:00+00:00,,,0.0,42.08266666666667,-34.35966666666667,4133.683333333333
2023-05-16 12:07:00+00:00,,,0.0,44.916333333333334,-30.554666666666666,4127.607333333333
2023-05-16 12:08:00+00:00,,,0.0,44.758,-29.326333333333334,4133.325666666667
2023-05-16 12:09:00+00:00,,,0.0,45.789,-29.175,4134.401333333333
2023-05-16 12:10:00+00:00,,,0.0,45.25966666666667,-27.956666666666667,4144.997
2023-05-16 12:11:00+00:00,,,0.0,44.835,-27.778,4131.099333333334
2023-05-16 12:12:00+00:00,,,0.0,44.827333333333335,-29.300666666666668,4139.7356666666665
2023-05-16 12:13:00+00:00,,,0.0,46.26133333333333,-27.918,4134.676666666666
2023-05-16 12:14:00+00:00,,,0.0,45.197,-27.764666666666667,4133.767333333333
2023-05-16 12:15:00+00:00,,,0.0,45.585,-27.987333333333332,4134.356
2023-05-16 12:16:00+00:00,,,0.0,45.093333333333334,-27.977,4133.883333333333
2023-05-16 12:17:00+00:00,,,0.0,44.922,-28.174333333333333,4133.181333333333
2023-05-16 12:18:00+00:00,,,0.0,45.138333333333335,-28.501333333333335,4133.404333333333
2023-05-16 12:19:00+00:00,,,0.0,45.474,-28.28933333333333,4133.980666666666
2023-05-16 12:20:00+00:00,,,0.0,45.893,-28.535666666666668,4133.159333333333
2023-05-16 12:21:00+00:00,,,0.0,44.92933333333333,-28.419,4133.898666666667
2023-05-16 12:22:00+00:00,,,0.0,45.542,-28.142666666666667,4133.746666666667
2023-05-16 12:23:00+00:00,,,0.0,45.632333333333335,-28.108333333333334,4133.726
2023-05-16 12:24:00+00:00,,,0.0,45.564521507169054,-28.427475825275092,4133.944648216072
2023-05-16 12:25:00+00:00,,,0.0,45.75,-28.238333333333333,4134.050333333334
2023-05-16 12:26:00+00:00,,,0.0,45.855666666666664,-27.988333333333333,4133.672666666666
2023-05-16 12:27:00+00:00,,,0.0,45.535296085647374,-28.06022080963533,4133.845767815323
2023-05-16 12:28:00+00:00,,,0.0,45.23635754938065,-27.80515567458989,4133.306327418815
2023-05-16 12:29:00+00:00,,,0.0,45.67389129709903,-27.8486162054018,4133.194398132711
2023-05-16 12:30:00+00:00,,,0.0,45.273,-28.614,4133.165333333333
2023-05-16 12:31:00+00:00,,,0.0,45.50933333333333,-28.280333333333335,4133.03
2023-05-16 12:32:00+00:00,,,0.0,45.807,-28.175,4133.214666666667
2023-05-16 12:33:00+00:00,,,0.0,45.32866666666666,-28.428333333333335,4133.766
2023-05-16 12:34:00+00:00,,,0.0,45.55955955955956,-27.998665331998666,4133.271604938272
2023-05-16 12:35:00+00:00,,,0.0,46.191,-27.923333333333332,4133.864
2023-05-16 12:36:00+00:00,,,0.0,45.971,-28.656666666666666,4133.132
2023-05-16 12:37:00+00:00,,,0.0,45.826,-28.075333333333333,4132.646
2023-05-16 12:38:00+00:00,,,0.0,46.333,-27.993666666666666,4133.735
2023-05-16 12:39:00+00:00,,,0.0,45.740913637879295,-27.50116705568523,4125.214404801601
2023-05-16 12:40:00+00:00,,,0.0,39.184333333333335,-32.538,4141.279333333333
2023-05-16 12:41:00+00:00,,,0.0,40.627,-34.73433333333333,4133.707666666666
2023-05-16 12:42:00+00:00,,,0.0,39.812333333333335,-34.961333333333336,4133.966
2023-05-16 12:43:00+00:00,,,0.0,39.36633333333333,-34.848333333333336,4134.26
2023-05-16 12:44:00+00:00,,,0.0,39.94733333333333,-35.03066666666667,4133.496666666667
2023-05-16 12:45:00+00:00,,,0.0,39.815666666666665,-35.50233333333333,4134.469666666667
2023-05-16 12:46:00+00:00,,,0.0,39.531666666666666,-34.944,4134.304666666667
2023-05-16 12:47:00+00:00,,,0.0,40.29143047682561,-35.02134044681561,4134.142047349116
2023-05-16 12:48:00+00:00,,,0.0,39.157333333333334,-34.769,4134.38
2023-05-16 12:49:00+00:00,,,0.0,38.52133333333333,-34.92466666666667,4134.450333333333
2023-05-16 12:50:00+00:00,,,0.0,39.324,-35.033,4134.525666666666
2023-05-16 12:51:00+00:00,,,0.0,39.250083361120375,-35.17005668556185,4134.656552184061
2023-05-16 12:52:00+00:00,,,0.0,39.458333333333336,-35.282333333333334,4134.3223333333335
2023-05-16 12:53:00+00:00,,,0.0,39.03633333333333,-35.084,4133.8043333333335
2023-05-16 12:54:00+00:00,,,0.0,39.23,-35.20133333333333,4133.832
2023-05-16 12:55:00+00:00,,,0.0,38.87,-34.925,4134.736666666667
2023-05-16 12:56:00+00:00,,,0.0,39.583666666666666,-35.663333333333334,4134.779666666666
2023-05-16 12:57:00+00:00,,,0.0,39.36066666666667,-35.51733333333333,4134.478
2023-05-16 12:58:00+00:00,,,0.0,39.17966666666667,-35.19533333333333,4134.365
2023-05-16 12:59:00+00:00,,,0.0,38.99,-35.26233333333333,4135.149
2023-05-16 13:00:00+00:00,,,0.0,39.50422440013518,-35.540723217303146,4134.735383575532
2023-05-16 13:01:00+00:00,,,0.0,44.97142857142857,-30.201700680272108,4138.810204081633
2023-05-16 13:02:00+00:00,,,0.0,43.41428571428571,-27.741156462585035,4134.084353741497
2023-05-16 13:03:00+00:00,,,0.0,44.4843537414966,-27.714625850340138,4144.376530612245
2023-05-16 13:04:00+00:00,,,0.0,40.24106844741235,-33.76761268781302,4125.141903171953
2023-05-16 13:05:00+00:00,,,0.0,45.76466666666666,-28.820666666666668,4132.053666666667
2023-05-16 13:06:00+00:00,,,0.0,45.541666666666664,-27.848333333333333,4131.726
2023-05-16 13:07:00+00:00,,,0.0,44.745333333333335,-28.346,4133.875666666667
2023-05-16 13:08:00+00:00,,,0.0,44.75066666666667,-27.942333333333334,4133.52
2023-05-16 13:09:00+00:00,,,0.0,45.03366666666667,-28.14,4133.218666666667
2023-05-16 13:10:00+00:00,,,0.0,44.79566666666667,-27.904666666666667,4132.9276666666665
2023-05-16 13:11:00+00:00,,,0.0,44.89266666666666,-28.538333333333334,4133.641
2023-05-16 13:12:00+00:00,,,0.0,45.13733333333333,-27.504,4133.438666666667
2023-05-16 13:13:00+00:00,,,0.0,45.25866666666667,-27.983,4133.991333333333
2023-05-16 13:14:00+00:00,,,0.0,45.20813875917278,-27.77885256837892,4132.943962641762
2023-05-16 13:15:00+00:00,,,0.0,45.3,-27.815333333333335,4133.486666666667
2023-05-16 13:16:00+00:00,,,0.0,45.25866666666667,-28.283666666666665,4133.487666666667
2023-05-16 13:17:00+00:00,,,0.0,45.81133333333333,-28.214,4133.461
2023-05-16 13:18:00+00:00,,,0.0,44.95666666666666,-27.983666666666668,4132.734
2023-05-16 13:19:00+00:00,,,0.0,45.71066666666667,-27.850666666666665,4131.800666666667
2023-05-16 13:20:00+00:00,,,0.0,45.410666666666664,-27.879,4133.115
2023-05-16 13:21:00+00:00,,,0.0,45.01166666666666,-28.218666666666667,4133.014666666667
2023-05-16 13:22:00+00:00,,,0.0,45.69533333333333,-27.822333333333333,4133.681333333333
2023-05-16 13:23:00+00:00,,,0.0,45.827333333333335,-28.022333333333332,4133.162333333334
2023-05-16 13:24:00+00:00,,,0.0,45.173,-27.608,4132.724333333334
2023-05-16 13:25:00+00:00,,,0.0,45.501666666666665,-27.720333333333333,4133.157
2023-05-16 13:26:00+00:00,,,0.0,45.64233333333333,-27.658333333333335,4132.5616666666665
2023-05-16 13:27:00+00:00,,,0.0,45.370333333333335,-27.557666666666666,4132.535
2023-05-16 13:28:00+00:00,,,0.0,45.82966666666667,-27.661,4132.492
2023-05-16 13:29:00+00:00,,,0.0,45.714333333333336,-27.422333333333334,4132.678
2023-05-16 13:30:00+00:00,,,0.0,45.46997998665777,-27.947965310206804,4133.6817878585725
2023-05-16 13:31:00+00:00,,,0.0,45.736333333333334,-28.040666666666667,4131.426333333334
2023-05-16 13:32:00+00:00,,,0.0,45.972,-27.645,4132.973666666667
2023-05-16 13:33:00+00:00,,,0.0,45.62820940313438,-27.90496832277426,4132.926642214072
2023-05-16 13:34:00+00:00,,,0.0,46.38933333333333,-27.621,4132.502
2023-05-16 13:35:00+00:00,,,0.0,46.062333333333335,-27.831,4133.269
2023-05-16 13:36:00+00:00,,,0.0,46.150333333333336,-27.256,4132.424333333333
2023-05-16 13:37:00+00:00,,,0.0,45.925333333333334,-27.348,4132.433333333333
2023-05-16 13:38:00+00:00,,,0.0,46.26233333333333,-27.354666666666667,4132.814666666667
2023-05-16 13:39:00+00:00,,,0.0,45.82828282828283,-27.83703703703704,4133.234343434344
2023-05-16 13:40:00+00:00,,,0.0,45.864333333333335,-27.265,4133.711666666667
2023-05-16 13:41:00+00:00,,,0.0,46.016333333333336,-27.44633333333333,4132.998666666666
2023-05-16 13:42:00+00:00,,,0.0,45.58233333333333,-27.957,4133.065333333333
2023-05-16 13:43:00+00:00,,,0.0,45.98833333333334,-27.624666666666666,4132.840666666667
2023-05-16 13:44:00+00:00,,,0.0,45.765,-27.703333333333333,4133.4293333333335
2023-05-16 13:45:00+00:00,,,0.0,46.14533333333333,-27.418666666666667,4131.722
2023-05-16 13:46:00+00:00,,,0.0,46.09536512170724,-27.908302767589195,4133.54018006002
2023-05-16 13:47:00+00:00,,,0.0,46.06133333333333,-27.328333333333333,4133.207
2023-05-16 13:48:00+00:00,,,0.0,45.851333333333336,-27.31833333333333,4132.989
2023-05-16 13:49:00+00:00,,,0.0,45.704,-27.480333333333334,4133.108666666667
2023-05-16 13:50:00+00:00,,,0.0,46.12266666666667,-27.302333333333333,4133.794666666667
2023-05-16 13:51:00+00:00,,,0.0,46.049,-27.667,4132.364
2023-05-16 13:52:00+00:00,,,0.0,45.94233333333333,-27.547333333333334,4132.307
2023-05-16 13:53:00+00:00,,,0.0,45.879,-27.109666666666666,4132.099
2023-05-16 13:54:00+00:00,,,0.0,45.68066666666667,-27.310333333333332,4131.881666666667
2023-05-16 13:55:00+00:00,,,0.0,45.605,-27.498,4132.003
2023-05-16 13:56:00+00:00,,,0.0,46.304,-27.047,4132.917333333334
2023-05-16 13:57:00+00:00,,,0.0,46.28766666666667,-27.303,4132.238333333334
2023-05-16 13:58:00+00:00,,,0.0,46.264,-27.523,4132.663333333333
2023-05-16 13:59:00+00:00,,,0.0,46.381,-26.963333333333335,4132.781
2023-05-16 14:00:00+00:00,,,0.0,46.086,-27.627666666666666,4132.918
2023-05-16 14:01:00+00:00,,,0.0,46.49,-27.435,4133.595666666667
2023-05-16 14:02:00+00:00,,,0.0,46.117333333333335,-26.537666666666667,4133.585
2023-05-16 14:03:00+00:00,,,0.0,46.071666666666665,-27.389,4132.266333333333
2023-05-16 14:04:00+00:00,,,0.0,45.39633333333333,-27.348,4133.267
2023-05-16 14:05:00+00:00,,,0.0,46.15266666666667,-27.171666666666667,4133.2536666666665
2023-05-16 14:06:00+00:00,,,0.0,45.79233333333333,-27.69633333333333,4132.842333333333
2023-05-16 14:07:00+00:00,,,0.0,46.27384923282188,-27.426951300867245,4132.692795196798
2023-05-16 14:08:00+00:00,,,0.0,45.95933333333333,-27.370333333333335,4132.661
2023-05-16 14:09:00+00:00,,,0.0,47.04533333333333,-27.557333333333332,4132.564
2023-05-16 14:10:00+00:00,,,0.0,46.24433333333333,-27.324666666666666,4132.909666666666
2023-05-16 14:11:00+00:00,,,0.0,46.04866666666667,-27.354666666666667,4133.1106666666665
2023-05-16 14:12:00+00:00,,,0.0,46.88,-27.633,4133.235
2023-05-16 14:13:00+00:00,,,0.0,46.672666666666665,-27.72833333333333,4133.286
2023-05-16 14:14:00+00:00,,,0.0,46.40968280467446,-28.058764607679464,4132.691151919867
2023-05-16 14:15:00+00:00,,,0.0,46.75602307431286,-27.830335934849,4132.669833729216
2023-05-16 14:16:00+00:00,,,0.0,46.673,-27.395333333333333,4132.74
2023-05-16 14:17:00+00:00,,,0.0,46.57333333333333,-27.301666666666666,4132.973333333333
2023-05-16 14:18:00+00:00,,,0.0,46.426,-27.370666666666665,4133.221
2023-05-16 14:19:00+00:00,,,0.0,46.566,-28.057,4132.869
2023-05-16 14:20:00+00:00,,,0.0,47.004333333333335,-27.702666666666666,4132.281333333333
2023-05-16 14:21:00+00:00,,,0.0,46.00966666666667,-27.117,4132.237
2023-05-16 14:22:00+00:00,,,0.0,46.61233333333333,-27.603666666666665,4132.458666666666
2023-05-16 14:23:00+00:00,,,0.0,46.77025675225075,-27.25241747249083,4132.4841613871295
2023-05-16 14:24:00+00:00,,,0.0,46.217333333333336,-27.539666666666665,4131.698333333334
2023-05-16 14:25:00+00:00,,,0.0,46.31333333333333,-27.125666666666667,4132.371666666667
2023-05-16 14:26:00+00:00,,,0.0,46.519,-27.525333333333332,4132.609666666666
2023-05-16 14:27:00+00:00,,,0.0,46.49033333333333,-27.636,4133.138
2023-05-16 14:28:00+00:00,,,0.0,46.308,-28.088666666666665,4133.231333333333
2023-05-16 14:29:00+00:00,,,0.0,46.80753835890594,-27.90660440293529,4133.110406937959
2023-05-16 14:30:00+00:00,,,0.0,46.83733333333333,-27.610333333333333,4132.697
2023-05-16 14:31:00+00:00,,,0.0,46.840946982327445,-27.860286762254084,4132.03134378126
2023-05-16 14:32:00+00:00,,,0.0,46.48466666666667,-27.864,4133.101333333333
2023-05-16 14:33:00+00:00,,,0.0,46.55637091394263,-27.389926617745164,4132.83155436958
2023-05-16 14:34:00+00:00,,,0.0,46.614666666666665,-27.841333333333335,4132.550666666667
2023-05-16 14:35:00+00:00,,,0.0,46.723333333333336,-27.516,4133.0216666666665
2023-05-16 14:36:00+00:00,,,0.0,46.702,-27.697333333333333,4132.490666666667
2023-05-16 14:37:00+00:00,,,0.0,46.87133333333333,-27.742333333333335,4132.916
2023-05-16 14:38:00+00:00,,,0.0,46.35666666666667,-27.410333333333334,4132.8133333333335
2023-05-16 14:39:00+00:00,,,0.0,46.726,-27.967,4132.446
2023-05-16 14:40:00+00:00,,,0.0,46.38859239492995,-27.42861907938626,4132.270847231488
2023-05-16 14:41:00+00:00,,,0.0,46.157333333333334,-27.415333333333333,4132.225666666666
2023-05-16 14:42:00+00:00,,,0.0,46.56033333333333,-27.996666666666666,4131.8533333333335
2023-05-16 14:43:00+00:00,,,0.0,46.67066666666667,-27.579666666666668,4132.768666666667
2023-05-16 14:44:00+00:00,,,0.0,46.29566666666667,-27.479333333333333,4132.439
2023-05-16 14:45:00+00:00,,,0.0,46.45863909272848,-27.676117411607738,4132.786190793862
2023-05-16 14:46:00+00:00,,,0.0,47.119,-27.366333333333333,4133.205333333333
2023-05-16 14:47:00+00:00,,,0.0,46.86366666666667,-27.949,4132.843666666667
2023-05-16 14:48:00+00:00,,,0.0,46.846,-27.921666666666667,4132.476
2023-05-16 14:49:00+00:00,,,0.0,46.745666666666665,-27.561,4132.642666666667
2023-05-16 14:50:00+00:00,,,0.0,46.60646900269542,-27.51078167115903,4133.441037735849
2023-05-16 14:51:00+00:00,,,0.0,46.535,-27.747,4132.466333333334
2023-05-16 14:52:00+00:00,,,0.0,47.052,-27.762,4133.0813333333335
2023-05-16 14:53:00+00:00,,,0.0,46.556333333333335,-27.913,4132.713
2023-05-16 14:54:00+00:00,,,0.0,46.915,-28.149,4132.156666666667
2023-05-16 14:55:00+00:00,,,0.0,46.873,-27.807666666666666,4133.6303333333335
2023-05-16 14:56:00+00:00,,,0.0,46.61866666666667,-27.844,4132.7063333333335
2023-05-16 14:57:00+00:00,,,0.0,46.29576525508503,-27.826275425141713,4132.6188729576525
2023-05-16 14:58:00+00:00,,,0.0,46.80893631210404,-28.151717239079694,4133.16305435145
2023-05-16 14:59:00+00:00,,,0.0,46.819,-27.875666666666667,4132.697666666667
2023-05-16 15:00:00+00:00,,,0.0,47.084,-27.577666666666666,4133.037666666667
2023-05-16 15:01:00+00:00,,,0.0,47.037679226408805,-27.56285428476159,4132.712904301434
2023-05-16 15:02:00+00:00,,,0.0,46.61033333333334,-27.654666666666667,4132.499666666667
2023-05-16 15:03:00+00:00,,,0.0,46.739666666666665,-27.254666666666665,4133.087333333333
2023-05-16 15:04:00+00:00,,,0.0,46.26784523015343,-27.251501000667112,4132.933622414943
2023-05-16 15:05:00+00:00,,,0.0,46.723333333333336,-27.482,4132.326333333333
2023-05-16 15:06:00+00:00,,,0.0,46.82833333333333,-27.667,4132.704
2023-05-16 15:07:00+00:00,,,0.0,47.019333333333336,-27.684333333333335,4132.741333333333
2023-05-16 15:08:00+00:00,,,0.0,46.849949983327775,-27.29509836612204,4133.822940980327
2023-05-16 15:09:00+00:00,,,0.0,46.88066666666667,-27.338,4133.346666666666
2023-05-16 15:10:00+00:00,,,0.0,46.740913637879295,-27.145048349449816,4132.937312437479
2023-05-16 15:11:00+00:00,,,0.0,46.949666666666666,-27.436,4134.239
2023-05-16 15:12:00+00:00,,,0.0,46.8916305435145,-27.110036678892964,4133.457152384128
2023-05-16 15:13:00+00:00,,,0.0,47.016666666666666,-27.228666666666665,4133.148
2023-05-16 15:14:00+00:00,,,0.0,46.998333333333335,-27.42,4133.682
2023-05-16 15:15:00+00:00,,,0.0,46.8106035345115,-27.136378792930977,4133.3257752584195
2023-05-16 15:16:00+00:00,,,0.0,47.064042695130084,-27.601400933955972,4133.033689126084
2023-05-16 15:17:00+00:00,,,0.0,46.49366666666667,-27.528666666666666,4132.965666666667
2023-05-16 15:18:00+00:00,,,0.0,47.02733333333333,-27.215666666666667,4133.039
2023-05-16 15:19:00+00:00,,,0.0,46.97566666666667,-27.25733333333333,4133.481
2023-05-16 15:20:00+00:00,,,0.0,46.995333333333335,-27.621666666666666,4132.856
2023-05-16 15:21:00+00:00,,,0.0,47.108,-27.43166666666667,4133.266333333333
2023-05-16 15:22:00+00:00,,,0.0,46.889,-27.253666666666668,4132.195333333333
2023-05-16 15:23:00+00:00,,,0.0,47.072665534804756,-26.973174872665535,4133.187436332767
2023-05-16 15:24:00+00:00,,,0.0,46.768027210884355,-27.55,4132.705782312925
2023-05-16 15:25:00+00:00,,,0.0,46.92721088435374,-27.566326530612244,4133.49387755102
2023-05-16 15:26:00+00:00,,,0.0,46.52206130010104,-27.396092960592792,4133.197036039071
2023-05-16 15:27:00+00:00,,,0.0,46.98833333333334,-28.205,4132.915666666667
2023-05-16 15:28:00+00:00,,,0.0,47.159,-28.015333333333334,4132.709333333333
2023-05-16 15:29:00+00:00,,,0.0,46.948,-27.82,4133.105
2023-05-16 15:30:00+00:00,,,0.0,46.88633333333333,-27.648333333333333,4132.8533333333335
2023-05-16 15:31:00+00:00,,,0.0,46.89329776592197,-27.080693564521507,4133.166388796265
2023-05-16 15:32:00+00:00,,,0.0,46.37533333333333,-27.772333333333332,4133.398666666667
2023-05-16 15:33:00+00:00,,,0.0,46.269666666666666,-27.517,4133.050333333334
2023-05-16 15:34:00+00:00,,,0.0,46.098,-27.22833333333333,4134.052
2023-05-16 15:35:00+00:00,,,0.0,46.41561040693796,-27.577051367578385,4132.602735156771
2023-05-16 15:36:00+00:00,,,0.0,46.852,-27.501,4132.568666666667
2023-05-16 15:37:00+00:00,,,0.0,46.49216405468489,-27.590530176725576,4133.132377459153
2023-05-16 15:38:00+00:00,,,0.0,46.568,-27.337666666666667,4133.3026666666665
2023-05-16 15:39:00+00:00,,,0.0,46.344,-27.322333333333333,4133.097666666667
2023-05-16 15:40:00+00:00,,,0.0,46.46033333333333,-27.341666666666665,4132.869333333333
2023-05-16 15:41:00+00:00,,,0.0,46.25833333333333,-27.474,4132.778333333334
2023-05-16 15:42:00+00:00,,,0.0,46.779666666666664,-27.491,4133.222666666667
2023-05-16 15:43:00+00:00,,,0.0,46.47949316438813,-27.11837279093031,4132.219073024341
2023-05-16 15:44:00+00:00,,,0.0,46.97866666666667,-27.198333333333334,4132.374666666667
2023-05-16 15:45:00+00:00,,,0.0,47.047666666666665,-27.35,4132.524
2023-05-16 15:46:00+00:00,,,0.0,47.24166666666667,-27.810666666666666,4132.701333333333
2023-05-16 15:47:00+00:00,,,0.0,47.12533333333333,-27.401666666666667,4132.996
2023-05-16 15:48:00+00:00,,,0.0,47.410666666666664,-27.238333333333333,4132.939666666667
2023-05-16 15:49:00+00:00,,,0.0,46.94233333333333,-27.204666666666668,4133.0526666666665
2023-05-16 15:50:00+00:00,,,0.0,46.97666666666667,-27.407333333333334,4133.069666666666
2023-05-16 15:51:00+00:00,,,0.0,46.082,-27.504333333333335,4131.977333333333
2023-05-16 15:52:00+00:00,,,0.0,46.35,-27.622666666666667,4132.327333333334
2023-05-16 15:53:00+00:00,,,0.0,46.06,-27.377333333333333,4134.009
2023-05-16 15:54:00+00:00,,,0.0,46.56133333333333,-27.525,4132.238333333334
2023-05-16 15:55:00+00:00,,,0.0,46.28942980993664,-27.464488162720908,4132.4418139379795
2023-05-16 15:56:00+00:00,,,0.0,46.532,-27.367333333333335,4133.550333333334
2023-05-16 15:57:00+00:00,,,0.0,46.824333333333335,-27.691,4133.179666666667
2023-05-16 15:58:00+00:00,,,0.0,46.43181060353451,-27.346782260753585,4133.355785261754
2023-05-16 15:59:00+00:00,,,0.0,46.86890756302521,-27.545882352941177,4133.0319327731095
2023-05-16 16:00:00+00:00,,,0.0,43.57142857142857,-23.714285714285715,4129.428571428572
2023-05-16 16:01:00+00:00,,,,,,
2023-05-16 16:02:00+00:00,,,,,,
2023-05-16 16:03:00+00:00,,,,,,
2023-05-16 16:04:00+00:00,,,,,,
2023-05-16 16:05:00+00:00,,,,,,
2023-05-16 16:06:00+00:00,,,,,,
2023-05-16 16:07:00+00:00,,,,,,
2023-05-16 16:08:00+00:00,,,,,,
2023-05-16 16:09:00+00:00,,,,,,
2023-05-16 16:10:00+00:00,,,,,,
2023-05-16 16:11:00+00:00,,,,,,
2023-05-16 16:12:00+00:00,,,,,,
2023-05-16 16:13:00+00:00,,,,,,
2023-05-16 16:14:00+00:00,,,,,,
2023-05-16 16:15:00+00:00,,,,,,
2023-05-16 16:16:00+00:00,,,,,,
2023-05-16 16:17:00+00:00,,,,,,
2023-05-16 16:18:00+00:00,,,,,,
2023-05-16 16:19:00+00:00,,,,,,
2023-05-16 16:20:00+00:00,,,,,,
2023-05-16 16:21:00+00:00,,,,,,
2023-05-16 16:22:00+00:00,,,,,,
2023-05-16 16:23:00+00:00,,,,,,
2023-05-16 16:24:00+00:00,,,,,,
2023-05-16 16:25:00+00:00,,,,,,
2023-05-16 16:26:00+00:00,,,,,,
2023-05-16 16:27:00+00:00,,,,,,
2023-05-16 16:28:00+00:00,,,,,,
2023-05-16 16:29:00+00:00,,,,,,
2023-05-16 16:30:00+00:00,,,,,,
2023-05-16 16:31:00+00:00,,,,,,
2023-05-16 16:32:00+00:00,,,0.0,44.924528301886795,-29.962264150943398,4130.566037735849
2023-05-16 16:33:00+00:00,,,0.0,46.45454545454545,-27.0,4131.545454545455
2023-05-16 17:00:00+00:00,,,0.0,47.29633333333334,-27.412666666666667,4132.442
2023-05-16 17:01:00+00:00,,,0.0,46.97232410803601,-27.267422474158053,4133.27009003001
2023-05-16 17:02:00+00:00,,,0.0,46.776,-27.375333333333334,4132.971333333333
2023-05-16 17:03:00+00:00,,,0.0,46.754666666666665,-27.26,4133.178333333333
2023-05-16 17:04:00+00:00,,,0.0,47.00467133800467,-27.097764431097765,4133.887554220888
2023-05-16 17:05:00+00:00,,,0.0,47.489666666666665,-27.197,4133.266333333333
2023-05-16 17:06:00+00:00,,,0.0,46.471333333333334,-27.335333333333335,4133.1106666666665
2023-05-16 17:07:00+00:00,,,0.0,46.821333333333335,-27.313,4133.1776666666665
2023-05-16 17:08:00+00:00,,,0.0,46.867333333333335,-27.507,4133.530333333333
2023-05-16 17:09:00+00:00,,,0.0,46.7842477280377,-27.550656344665096,4133.514978121844
2023-05-16 17:10:00+00:00,,,0.0,47.24762550881954,-27.48337856173677,4134.085142469471
2023-05-16 17:11:00+00:00,,,0.0,47.408,-27.282666666666668,4133.594333333333
2023-05-16 17:12:00+00:00,,,0.0,47.132666666666665,-27.077333333333332,4133.254333333333
2023-05-16 17:13:00+00:00,,,0.0,47.05533333333333,-27.455666666666666,4133.663666666666
2023-05-16 17:14:00+00:00,,,0.0,46.976,-27.003,4132.479333333334
2023-05-16 17:15:00+00:00,,,0.0,47.050666666666665,-26.551,4133.962666666666
2023-05-16 17:16:00+00:00,,,0.0,47.428333333333335,-27.098333333333333,4134.005
2023-05-16 17:17:00+00:00,,,0.0,47.20333333333333,-27.063666666666666,4133.059
2023-05-16 17:18:00+00:00,,,0.0,47.10466666666667,-27.270333333333333,4133.094
2023-05-16 17:19:00+00:00,,,0.0,46.98,-27.386666666666667,4134.1466666666665
2023-05-16 17:20:00+00:00,,,0.0,47.092333333333336,-27.191333333333333,4132.986
2023-05-16 17:21:00+00:00,,,0.0,47.20766666666667,-27.624333333333333,4133.589666666667
2023-05-16 17:22:00+00:00,,,0.0,47.663,-27.684,4133.638333333333
2023-05-16 17:23:00+00:00,,,0.0,47.205333333333336,-27.987,4132.902333333333
2023-05-16 17:24:00+00:00,,,0.0,47.20766666666667,-27.43166666666667,4134.088
2023-05-16 17:25:00+00:00,,,0.0,47.17033333333333,-27.441,4132.895333333333
2023-05-16 17:26:00+00:00,,,0.0,47.06066666666667,-27.886333333333333,4133.505
2023-05-16 17:27:00+00:00,,,0.0,47.273666666666664,-27.797333333333334,4133.489333333333
2023-05-16 17:28:00+00:00,,,0.0,47.033,-27.558333333333334,4132.9546666666665
2023-05-16 17:29:00+00:00,,,0.0,47.51434289526351,-27.563709139426283,4133.55703802535
2023-05-16 17:30:00+00:00,,,0.0,47.13033333333333,-27.234666666666666,4133.7136666666665
2023-05-16 17:31:00+00:00,,,0.0,47.256,-27.267333333333333,4134.511333333333
2023-05-16 17:32:00+00:00,,,0.0,47.024,-27.815,4133.293
2023-05-16 17:33:00+00:00,,,0.0,46.90863621207069,-27.10770256752251,4133.643881293765
2023-05-16 17:34:00+00:00,,,0.0,46.79833333333333,-27.321,4133.706
2023-05-16 17:35:00+00:00,,,0.0,47.01300433477826,-27.333111037012337,4133.932977659219
2023-05-16 17:36:00+00:00,,,0.0,47.352333333333334,-27.33566666666667,4133.563666666667
2023-05-16 17:37:00+00:00,,,0.0,47.67066666666667,-27.41433333333333,4134.366
2023-05-16 17:38:00+00:00,,,0.0,47.638333333333335,-27.232333333333333,4133.250666666667
2023-05-16 17:39:00+00:00,,,0.0,47.004,-27.448666666666668,4134.029
2023-05-16 17:40:00+00:00,,,0.0,47.577333333333335,-27.216,4133.806
2023-05-16 17:41:00+00:00,,,0.0,47.40833333333333,-27.291,4134.296
2023-05-16 17:42:00+00:00,,,0.0,47.24466666666667,-27.007666666666665,4133.789
2023-05-16 17:43:00+00:00,,,0.0,47.08981233243968,-27.239611260053618,4133.991286863271
2023-05-16 17:44:00+00:00,,,0.0,46.858163265306125,-27.516666666666666,4134.3761904761905
2023-05-16 17:45:00+00:00,,,0.0,46.95510204081633,-27.59387755102041,4134.441156462585
2023-05-16 17:46:00+00:00,,,0.0,47.399328859060404,-27.760402684563758,4134.351677852349
2023-05-16 17:47:00+00:00,,,0.0,46.87195731910637,-27.858286095365123,4134.369456485495
2023-05-16 17:48:00+00:00,,,0.0,46.675666666666665,-27.661666666666665,4133.943
2023-05-16 17:49:00+00:00,,,0.0,46.810936978993,-27.170723574524843,4133.873291097032
2023-05-16 17:50:00+00:00,,,0.0,46.87266666666667,-27.401666666666667,4134.395
2023-05-16 17:51:00+00:00,,,0.0,46.86533333333333,-27.103666666666665,4134.256666666667
2023-05-16 17:52:00+00:00,,,0.0,46.614666666666665,-27.536,4133.846333333333
2023-05-16 17:53:00+00:00,,,0.0,46.55,-27.625,4133.640333333334
2023-05-16 17:54:00+00:00,,,0.0,46.907666666666664,-27.195,4133.123666666666
2023-05-16 17:55:00+00:00,,,0.0,46.791333333333334,-27.619666666666667,4133.313666666667
2023-05-16 17:56:00+00:00,,,0.0,46.781333333333336,-26.847666666666665,4134.126666666667
2023-05-16 17:57:00+00:00,,,0.0,46.86628876292097,-26.980326775591863,4133.446148716239
2023-05-16 17:58:00+00:00,,,0.0,47.12766666666667,-27.382,4133.043333333333
2023-05-16 17:59:00+00:00,,,0.0,47.05466666666667,-27.390333333333334,4134.717333333333
2023-05-16 18:00:00+00:00,,,0.0,46.952333333333335,-26.847333333333335,4133.693666666667
2023-05-16 18:01:00+00:00,,,0.0,46.891666666666666,-27.435,4134.927
2023-05-16 18:02:00+00:00,,,0.0,46.764,-27.505,4133.998666666666
2023-05-16 18:03:00+00:00,,,0.0,47.06735578526175,-26.340113371123707,4134.237079026342
2023-05-16 18:04:00+00:00,,,0.0,46.910333333333334,-27.159,4134.469333333333
2023-05-16 18:05:00+00:00,,,0.0,47.31066666666667,-27.113333333333333,4134.780333333333
2023-05-16 18:06:00+00:00,,,0.0,46.797,-26.773,4134.903
2023-05-16 18:07:00+00:00,,,0.0,47.318333333333335,-27.365666666666666,4134.203333333333
2023-05-16 18:08:00+00:00,,,0.0,47.221666666666664,-27.065,4134.940333333333
2023-05-16 18:09:00+00:00,,,0.0,47.377,-27.145666666666667,4134.8893333333335
2023-05-16 18:10:00+00:00,,,0.0,48.08833333333333,-27.131333333333334,4134.341333333334
2023-05-16 18:11:00+00:00,,,0.0,47.18366666666667,-26.864333333333335,4133.953
2023-05-16 18:12:00+00:00,,,0.0,47.562666666666665,-26.731333333333332,4134.101333333333
2023-05-16 18:13:00+00:00,,,0.0,47.68966666666667,-26.929,4134.319666666666
2023-05-16 18:14:00+00:00,,,0.0,47.519,-27.015333333333334,4133.671333333334
2023-05-16 18:15:00+00:00,,,0.0,47.57019006335445,-27.45015005001667,4134.229076358786
2023-05-16 18:16:00+00:00,,,0.0,47.62866666666667,-26.957333333333334,4134.352
2023-05-16 18:17:00+00:00,,,0.0,47.24,-27.128333333333334,4134.169666666667
2023-05-16 18:18:00+00:00,,,0.0,47.59219739913304,-27.651217072357454,4135.080026675559
2023-05-16 18:19:00+00:00,,,0.0,47.168008048289735,-26.97887323943662,4134.140845070423
2023-05-16 18:20:00+00:00,,,0.0,47.16,-27.794666666666668,4134.618
2023-05-16 18:21:00+00:00,,,0.0,46.76733333333333,-27.438,4134.738666666667
2023-05-16 18:22:00+00:00,,,0.0,46.90266666666667,-27.337333333333333,4134.828333333333
2023-05-16 18:23:00+00:00,,,0.0,47.038666666666664,-27.244333333333334,4134.785
2023-05-16 18:24:00+00:00,,,0.0,47.258,-27.038333333333334,4134.876666666667
2023-05-16 18:25:00+00:00,,,0.0,46.940666666666665,-26.871,4134.0543333333335
2023-05-16 18:26:00+00:00,,,0.0,46.843,-27.158,4134.588333333333
2023-05-16 18:27:00+00:00,,,0.0,47.79793264421474,-27.199733244414805,4134.533177725909
2023-05-16 18:28:00+00:00,,,0.0,47.11033333333334,-26.425666666666668,4134.416666666667
2023-05-16 18:29:00+00:00,,,0.0,46.95298432810937,-26.79026342114038,4134.375458486162
2023-05-16 18:30:00+00:00,,,0.0,46.654,-26.856666666666666,4135.233333333334
2023-05-16 18:31:00+00:00,,,0.0,47.074666666666666,-26.98966666666667,4135.109333333334
2023-05-16 18:32:00+00:00,,,0.0,47.47266666666667,-26.651666666666667,4134.840666666667
2023-05-16 18:33:00+00:00,,,0.0,47.09376042709376,-26.89723056389723,4135.160160160161
2023-05-16 18:34:00+00:00,,,0.0,46.952,-26.894,4135.101
2023-05-16 18:35:00+00:00,,,0.0,47.151383794598196,-27.08436145381794,4135.113037679226
2023-05-16 18:36:00+00:00,,,0.0,47.41766666666667,-27.291333333333334,4135.366666666667
2023-05-16 18:37:00+00:00,,,0.0,46.97666666666667,-26.805,4135.470333333334
2023-05-16 18:38:00+00:00,,,0.0,47.42666666666667,-26.833666666666666,4135.242666666667
2023-05-16 18:39:00+00:00,,,0.0,47.58533333333333,-26.890666666666668,4134.654333333333
2023-05-16 18:40:00+00:00,,,0.0,47.24333333333333,-26.826,4135.350333333334
2023-05-16 18:41:00+00:00,,,0.0,47.678666666666665,-27.044666666666668,4134.881666666667
2023-05-16 18:42:00+00:00,,,0.0,47.096666666666664,-26.765666666666668,4135.480333333333
2023-05-16 18:43:00+00:00,,,0.0,47.231,-27.349333333333334,4135.155
2023-05-16 18:44:00+00:00,,,0.0,46.87133333333333,-26.875666666666667,4135.3966666666665
2023-05-16 18:45:00+00:00,,,0.0,47.30676892297433,-27.610536845615204,4135.6425475158385
2023-05-16 18:46:00+00:00,,,0.0,47.164,-26.613666666666667,4135.246666666667
2023-05-16 18:47:00+00:00,,,0.0,47.31466666666667,-27.397333333333332,4135.626666666667
2023-05-16 18:48:00+00:00,,,0.0,47.288333333333334,-27.132666666666665,4135.416333333334
2023-05-16 18:49:00+00:00,,,0.0,46.80733333333333,-27.808666666666667,4135.07
2023-05-16 18:50:00+00:00,,,0.0,47.259,-27.074666666666666,4135.77
2023-05-16 18:51:00+00:00,,,0.0,47.40289952798382,-27.44807821982468,4135.7481456507085
2023-05-16 18:52:00+00:00,,,0.0,47.608503401360544,-27.19421768707483,4135.701700680273
2023-05-16 18:53:00+00:00,,,0.0,47.333333333333336,-26.846938775510203,4135.25
2023-05-16 18:54:00+00:00,,,0.0,47.462969225566454,-27.21373013189043,4135.338180588435
2023-05-16 18:55:00+00:00,,,0.0,47.51433333333333,-27.321,4134.937333333333
2023-05-16 18:56:00+00:00,,,0.0,47.51150383461154,-26.96432144048016,4134.976658886296
2023-05-16 18:57:00+00:00,,,0.0,47.537,-26.976666666666667,4135.013
2023-05-16 18:58:00+00:00,,,0.0,47.048,-27.2,4135.229666666667
2023-05-16 18:59:00+00:00,,,0.0,47.66866666666667,-26.695,4134.6483333333335
2023-05-16 19:00:00+00:00,,,0.0,47.50266666666667,-26.804,4136.124666666667
2023-05-16 19:01:00+00:00,,,0.0,47.60933333333333,-27.317333333333334,4136.171333333334
2023-05-16 19:02:00+00:00,,,0.0,45.21673891297099,-27.701233744581526,4133.9616538846285
2023-05-16 19:03:00+00:00,,,0.0,43.419666666666664,-32.42733333333333,4136.838333333333
2023-05-16 19:04:00+00:00,,,0.0,47.900333333333336,-28.642333333333333,4125.938666666667
2023-05-16 19:05:00+00:00,,,0.0,47.96633333333333,-27.236,4147.734
2023-05-16 19:06:00+00:00,,,0.0,46.42966666666667,-27.637,4136.053333333333
2023-05-16 19:07:00+00:00,,,0.0,46.84466666666667,-27.481333333333332,4136.486666666667
2023-05-16 19:08:00+00:00,,,0.0,46.62433333333333,-27.357,4136.347
2023-05-16 19:09:00+00:00,,,0.0,47.11074049366244,-27.0133422281521,4136.172114743162
2023-05-16 19:10:00+00:00,,,0.0,46.9299766588863,-27.04968322774258,4136.156385461821
2023-05-16 19:11:00+00:00,,,0.0,47.09866666666667,-27.410666666666668,4136.355
2023-05-16 19:12:00+00:00,,,0.0,46.72615076717812,-27.50100066711141,4135.899266177452
2023-05-16 19:13:00+00:00,,,0.0,46.82266666666667,-27.8,4136.525666666666
2023-05-16 19:14:00+00:00,,,0.0,47.39566666666666,-27.535666666666668,4136.457
2023-05-16 19:15:00+00:00,,,0.0,46.63766666666667,-26.876333333333335,4136.224666666667
2023-05-16 19:16:00+00:00,,,0.0,47.055,-27.175,4136.490666666667
2023-05-16 19:17:00+00:00,,,0.0,47.1673891297099,-26.921973991330443,4136.266088696232
2023-05-16 19:18:00+00:00,,,0.0,47.32533333333333,-27.138666666666666,4135.832
2023-05-16 19:19:00+00:00,,,0.0,47.13766666666667,-27.309333333333335,4136.080333333333
2023-05-16 19:20:00+00:00,,,0.0,46.830333333333336,-27.383,4136.039666666667
2023-05-16 19:21:00+00:00,,,0.0,47.21254587921255,-26.911244577911244,4136.3653653653655
2023-05-16 19:22:00+00:00,,,0.0,46.30233333333333,-26.564333333333334,4136.187666666667
2023-05-16 19:23:00+00:00,,,0.0,46.43162108072048,-26.957304869913276,4136.008338892595
2023-05-16 19:24:00+00:00,,,0.0,46.74324774924975,-26.827609203067688,4135.855618539513
2023-05-16 19:25:00+00:00,,,0.0,46.73733333333333,-26.766333333333332,4135.2
2023-05-16 19:26:00+00:00,,,0.0,47.03590785907859,-26.971544715447155,4136.317750677506
2023-05-16 19:27:00+00:00,,,0.0,46.99251700680272,-27.38605442176871,4135.013945578231
2023-05-16 19:28:00+00:00,,,0.0,46.82034705682205,-27.24430078257911,4135.6291255529095
2023-05-16 19:29:00+00:00,,,0.0,46.14057181756297,-27.081007488087135,4135.536078965282
2023-05-16 19:30:00+00:00,,,0.0,46.95204081632653,-27.246598639455783,4136.266326530612
2023-05-16 19:31:00+00:00,,,0.0,47.136714813570705,-27.283842794759824,4135.842122942559
2023-05-16 19:32:00+00:00,,,0.0,47.016666666666666,-27.429,4135.9856666666665
2023-05-16 19:33:00+00:00,,,0.0,46.62133333333333,-27.655,4135.263333333333
2023-05-16 19:34:00+00:00,,,0.0,47.07866666666666,-27.647666666666666,4135.416333333334
2023-05-16 19:35:00+00:00,,,0.0,46.919666666666664,-27.168333333333333,4135.703
2023-05-16 19:36:00+00:00,,,0.0,47.07471647765177,-27.54603068712475,4135.737158105404
2023-05-16 19:37:00+00:00,,,0.0,47.244,-27.783333333333335,4135.969
2023-05-16 19:38:00+00:00,,,0.0,46.27309103034345,-27.11203734578193,4135.636878959654
2023-05-16 19:39:00+00:00,,,0.0,46.61366666666667,-26.983,4135.4856666666665
2023-05-16 19:40:00+00:00,,,0.0,47.08533333333333,-26.438,4136.382666666666
2023-05-16 19:41:00+00:00,,,0.0,46.71666666666667,-26.724333333333334,4135.729666666667
2023-05-16 19:42:00+00:00,,,0.0,47.215666666666664,-26.912,4136.029666666666
2023-05-16 19:43:00+00:00,,,0.0,46.882,-26.823666666666668,4136.029
2023-05-16 19:44:00+00:00,,,0.0,47.614666666666665,-26.799666666666667,4136.063666666667
2023-05-16 19:45:00+00:00,,,0.0,47.257,-26.822666666666667,4135.609333333334
2023-05-16 19:46:00+00:00,,,0.0,46.953,-27.290666666666667,4136.535666666667
2023-05-16 19:47:00+00:00,,,0.0,47.16466666666667,-27.542,4135.813
2023-05-16 19:48:00+00:00,,,0.0,47.23866666666667,-26.915333333333333,4137.042666666666
2023-05-16 19:49:00+00:00,,,0.0,47.351333333333336,-26.92,4136.388666666667
2023-05-16 19:50:00+00:00,,,0.0,46.409939959973315,-27.37458305537025,4136.073382254836
2023-05-16 19:51:00+00:00,,,0.0,47.62133333333333,-26.986333333333334,4136.22
2023-05-16 19:52:00+00:00,,,0.0,47.007666666666665,-27.48,4136.748333333333
2023-05-16 19:53:00+00:00,,,0.0,46.99433333333333,-27.209333333333333,4136.106333333333
2023-05-16 19:54:00+00:00,,,0.0,47.114,-27.383333333333333,4136.306333333333
2023-05-16 19:55:00+00:00,,,0.0,46.8809206137425,-27.016344229486325,4136.244829886591
2023-05-16 19:56:00+00:00,,,0.0,46.705,-27.233,4135.971666666666
2023-05-16 19:57:00+00:00,,,0.0,46.787,-27.453333333333333,4136.368333333333
2023-05-16 19:58:00+00:00,,,0.0,46.70666666666666,-27.130333333333333,4136.844666666667
2023-05-16 19:59:00+00:00,,,0.0,47.1,-27.198666666666668,4136.718
2023-05-16 20:00:00+00:00,,,0.0,47.01400466822274,-27.329776592197398,4136.364121373791
2023-05-16 20:01:00+00:00,,,0.0,47.05266666666667,-26.907,4136.874666666667
2023-05-16 20:02:00+00:00,,,0.0,47.37433333333333,-27.345,4137.244333333333
2023-05-16 20:03:00+00:00,,,0.0,46.9119623655914,-27.464381720430108,4136.9005376344085
2023-05-16 20:04:00+00:00,,,0.0,46.86462585034013,-27.290816326530614,4136.594557823129
2023-05-16 20:05:00+00:00,,,0.0,47.29915397631134,-27.131979695431472,4137.45076142132
2023-05-16 20:06:00+00:00,,,0.0,46.994,-27.151,4136.924666666667
2023-05-16 20:07:00+00:00,,,0.0,46.782333333333334,-27.132666666666665,4135.986666666667
2023-05-16 20:08:00+00:00,,,0.0,46.742,-27.203,4136.4563333333335
2023-05-16 20:09:00+00:00,,,0.0,47.445,-27.488333333333333,4136.1466666666665
2023-05-16 20:10:00+00:00,,,0.0,46.54666666666667,-27.585,4136.722
2023-05-16 20:11:00+00:00,,,0.0,47.007666666666665,-27.551,4136.864
2023-05-16 20:12:00+00:00,,,0.0,46.944,-27.192666666666668,4137.264666666667
2023-05-16 20:13:00+00:00,,,0.0,47.60966666666667,-27.457,4136.402666666667
2023-05-16 20:14:00+00:00,,,0.0,47.79866666666667,-27.334666666666667,4136.603
2023-05-16 20:15:00+00:00,,,0.0,47.114666666666665,-26.839,4136.413666666666
2023-05-16 20:16:00+00:00,,,0.0,47.49933333333333,-27.335333333333335,4136.408
2023-05-16 20:17:00+00:00,,,0.0,47.635,-27.046,4136.620333333333
2023-05-16 20:18:00+00:00,,,0.0,47.157666666666664,-27.318,4136.34
2023-05-16 20:19:00+00:00,,,0.0,47.282333333333334,-27.558666666666667,4136.368333333333
2023-05-16 20:20:00+00:00,,,0.0,47.23233333333334,-27.435666666666666,4136.717
2023-05-16 20:21:00+00:00,,,0.0,47.62041360907271,-26.809873248832556,4136.456304202802
2023-05-16 20:22:00+00:00,,,0.0,47.274,-27.507666666666665,4136.853666666667
2023-05-16 20:23:00+00:00,,,0.0,47.343666666666664,-27.116333333333333,4136.051
2023-05-16 20:24:00+00:00,,,0.0,47.36,-27.05366666666667,4136.316666666667
2023-05-16 20:25:00+00:00,,,0.0,46.995333333333335,-27.241,4136.866666666667
2023-05-16 20:26:00+00:00,,,0.0,46.556333333333335,-27.142666666666667,4136.373333333333
2023-05-16 20:27:00+00:00,,,0.0,47.11566666666667,-27.081,4136.883333333333
2023-05-16 20:28:00+00:00,,,0.0,46.805,-27.315333333333335,4136.244
2023-05-16 20:29:00+00:00,,,0.0,46.85242070116861,-27.475459098497495,4135.940901502504
2023-05-16 20:30:00+00:00,,,0.0,46.89666666666667,-27.377333333333333,4137.087333333333
2023-05-16 20:31:00+00:00,,,0.0,47.458,-27.319,4137.478666666667
2023-05-16 20:32:00+00:00,,,0.0,47.517,-27.156333333333333,4137.115
2023-05-16 20:33:00+00:00,,,0.0,47.159,-27.580333333333332,4137.667333333334
2023-05-16 20:34:00+00:00,,,0.0,47.45333333333333,-27.164666666666665,4137.735
2023-05-16 20:35:00+00:00,,,0.0,47.076,-27.331,4136.364666666666
2023-05-16 20:36:00+00:00,,,0.0,47.446666666666665,-27.230333333333334,4137.216666666666
2023-05-16 20:37:00+00:00,,,0.0,47.503,-26.904333333333334,4136.572
2023-05-16 20:38:00+00:00,,,0.0,47.29928982076429,-27.404125803178896,4136.818397024011
2023-05-16 20:39:00+00:00,,,0.0,47.380888740394255,-27.38690277313732,4137.556632141664
2023-05-16 20:40:00+00:00,,,0.0,47.25066666666667,-27.343666666666667,4137.499666666667
2023-05-16 20:41:00+00:00,,,0.0,47.1947315771924,-26.91563854618206,4136.8956318772925
2023-05-16 20:42:00+00:00,,,0.0,47.48833333333334,-27.195333333333334,4137.112
2023-05-16 20:43:00+00:00,,,0.0,48.118,-27.130666666666666,4137.312
2023-05-16 20:44:00+00:00,,,0.0,47.41266666666667,-27.319,4137.650666666666
2023-05-16 20:45:00+00:00,,,0.0,47.286,-27.55,4136.664
2023-05-16 20:46:00+00:00,,,0.0,47.513,-27.131,4137.241
2023-05-16 20:47:00+00:00,,,0.0,47.675,-27.049666666666667,4137.927
2023-05-16 20:48:00+00:00,,,0.0,47.59466666666667,-27.609666666666666,4136.201333333333
2023-05-16 20:49:00+00:00,,,0.0,47.60066666666667,-26.816666666666666,4137.837333333333
2023-05-16 20:50:00+00:00,,,0.0,47.50366666666667,-27.481,4138.6016666666665
2023-05-16 20:51:00+00:00,,,0.0,46.46066666666667,-26.347333333333335,4137.554666666667
2023-05-16 20:52:00+00:00,,,0.0,46.181333333333335,-25.801333333333332,4137.24
2023-05-16 20:53:00+00:00,,,0.0,46.77433333333333,-25.950333333333333,4137.553666666667
2023-05-16 20:54:00+00:00,,,0.0,46.608,-26.116,4136.837333333333
2023-05-16 20:55:00+00:00,,,0.0,46.81633333333333,-26.251333333333335,4136.713333333333
2023-05-16 20:56:00+00:00,,,0.0,46.395,-26.006,4136.7936666666665
2023-05-16 20:57:00+00:00,,,0.0,46.379666666666665,-26.148,4137.2463333333335
2023-05-16 20:58:00+00:00,,,0.0,46.52,-25.964333333333332,4136.929
2023-05-16 20:59:00+00:00,,,0.0,46.96366666666667,-26.066666666666666,4136.997666666667
2023-05-16 21:00:00+00:00,,,0.0,46.77733333333333,-25.967333333333332,4137.468
2023-05-16 21:01:00+00:00,,,0.0,46.544333333333334,-26.328333333333333,4138.0436666666665
2023-05-16 21:02:00+00:00,,,0.0,46.46633333333333,-26.061333333333334,4136.990333333333
2023-05-16 21:03:00+00:00,,,0.0,46.756252084028006,-26.057019006335445,4137.278092697566
2023-05-16 21:04:00+00:00,,,0.0,46.61661661661662,-26.478144811478145,4137.350350350351
2023-05-16 21:05:00+00:00,,,0.0,46.681,-26.419666666666668,4137.411
2023-05-16 21:06:00+00:00,,,0.0,46.32866666666666,-26.11766666666667,4136.948666666666
2023-05-16 21:07:00+00:00,,,0.0,46.279,-26.11,4137.176
2023-05-16 21:08:00+00:00,,,0.0,46.609,-25.873,4136.9276666666665
2023-05-16 21:09:00+00:00,,,0.0,46.281666666666666,-25.638333333333332,4136.531666666667
2023-05-16 21:10:00+00:00,,,0.0,46.928333333333335,-26.274333333333335,4137.374666666667
2023-05-16 21:11:00+00:00,,,0.0,47.29633333333334,-26.340666666666667,4136.813
2023-05-16 21:12:00+00:00,,,0.0,46.80316818335019,-26.147286821705425,4137.33265925177
2023-05-16 21:13:00+00:00,,,0.0,46.643197278911565,-25.935034013605442,4135.954421768707
2023-05-16 21:14:00+00:00,,,0.0,47.13469387755102,-26.122108843537415,4136.241836734694
2023-05-16 21:15:00+00:00,,,0.0,46.9121395036888,-26.54091213950369,4136.2860496311205
2023-05-16 21:16:00+00:00,,,0.0,46.76233333333333,-25.851666666666667,4136.791666666667
2023-05-16 21:17:00+00:00,,,0.0,46.590333333333334,-25.866666666666667,4135.935
2023-05-16 21:18:00+00:00,,,0.0,47.14966666666667,-26.222,4136.009
2023-05-16 21:19:00+00:00,,,0.0,47.26433333333333,-25.93166666666667,4136.041666666667
2023-05-16 21:20:00+00:00,,,0.0,46.884923282188126,-25.912274849899934,4136.4873248832555
2023-05-16 21:21:00+00:00,,,0.0,47.18633333333333,-26.023666666666667,4136.659
2023-05-16 21:22:00+00:00,,,0.0,46.95466666666667,-26.195,4136.793333333333
2023-05-16 21:23:00+00:00,,,0.0,47.48949649883294,-25.931977325775257,4136.286428809603
2023-05-16 21:24:00+00:00,,,0.0,47.209,-26.105666666666668,4136.701666666667
2023-05-16 21:25:00+00:00,,,0.0,47.502,-26.030666666666665,4136.751
2023-05-16 21:26:00+00:00,,,0.0,47.086333333333336,-25.77166666666667,4136.723666666667
2023-05-16 21:27:00+00:00,,,0.0,47.163333333333334,-26.241666666666667,4136.706
2023-05-16 21:28:00+00:00,,,0.0,46.76533333333333,-25.683666666666667,4136.723666666667
2023-05-16 21:29:00+00:00,,,0.0,46.806666666666665,-25.833666666666666,4136.970666666667
2023-05-16 21:30:00+00:00,,,0.0,47.31966666666667,-25.216666666666665,4136.023
2023-05-16 21:31:00+00:00,,,0.0,47.408,-26.206333333333333,4136.069666666666
2023-05-16 21:32:00+00:00,,,0.0,47.435957304869916,-26.14376250833889,4137.585723815877
2023-05-16 21:33:00+00:00,,,0.0,47.184666666666665,-25.851333333333333,4136.166333333334
2023-05-16 21:34:00+00:00,,,0.0,47.21007002334111,-26.511170390130044,4136.284761587196
2023-05-16 21:35:00+00:00,,,0.0,47.04168056018673,-25.734911637212406,4136.697565855285
2023-05-16 21:36:00+00:00,,,0.0,45.94166666666667,-28.131,4149.099
2023-05-16 21:37:00+00:00,,,0.0,42.565333333333335,-34.065333333333335,4123.8533333333335
2023-05-16 21:38:00+00:00,,,0.0,42.48349449816605,-34.850950316772256,4137.326775591864
2023-05-16 21:39:00+00:00,,,0.0,42.16433333333333,-35.24066666666667,4138.402
2023-05-16 21:40:00+00:00,,,0.0,41.82566666666666,-34.992,4138.24
2023-05-16 21:41:00+00:00,,,0.0,41.209666666666664,-35.81066666666667,4138.641333333333
2023-05-16 21:42:00+00:00,,,0.0,41.77333333333333,-35.034333333333336,4138.530333333333
2023-05-16 21:43:00+00:00,,,0.0,41.98833333333334,-34.938,4139.041333333334
2023-05-16 21:44:00+00:00,,,0.0,41.36033333333334,-35.602333333333334,4138.493
2023-05-16 21:45:00+00:00,,,0.0,41.180453635757175,-35.26784523015343,4138.539026017345
2023-05-16 21:46:00+00:00,,,0.0,40.844270656239374,-35.18429105746345,4137.739544372663
2023-05-16 21:47:00+00:00,,,0.0,40.85613917698227,-35.680495148879224,4138.802944128471
2023-05-16 21:48:00+00:00,,,0.0,40.74366666666667,-35.09433333333333,4138.481666666667
2023-05-16 21:49:00+00:00,,,0.0,40.52033333333333,-35.12566666666667,4139.032
2023-05-16 21:50:00+00:00,,,0.0,41.419,-35.099333333333334,4130.590333333334
2023-05-16 21:51:00+00:00,,,0.0,46.150333333333336,-29.291666666666668,4160.575
2023-05-16 21:52:00+00:00,,,0.0,45.37012337445815,-28.5891963987996,4130.027675891964
2023-05-16 21:53:00+00:00,,,0.0,44.957,-26.968666666666667,4138.499333333333
2023-05-16 21:54:00+00:00,,,0.0,45.25866666666667,-27.192,4138.236666666667
2023-05-16 21:55:00+00:00,,,0.0,45.148148148148145,-26.631965298631965,4138.062395729063
2023-05-16 21:56:00+00:00,,,0.0,44.549,-28.245666666666665,4136.993
2023-05-16 21:57:00+00:00,,,0.0,45.45733333333333,-29.861666666666668,4137.192666666667
2023-05-16 21:58:00+00:00,,,0.0,45.259,-30.411333333333335,4137.982333333333
2023-05-16 21:59:00+00:00,,,0.0,45.09466666666667,-30.389666666666667,4137.895
2023-05-16 22:00:00+00:00,,,0.0,44.769,-29.957333333333334,4138.283
2023-05-16 22:01:00+00:00,,,0.0,44.893,-30.706333333333333,4138.033333333334
2023-05-16 22:02:00+00:00,,,0.0,44.497,-30.548333333333332,4138.104
2023-05-16 22:03:00+00:00,,,0.0,46.60933333333333,-27.554666666666666,4145.835666666667
2023-05-16 22:04:00+00:00,,,0.0,41.586333333333336,-33.82066666666667,4124.941666666667
2023-05-16 22:05:00+00:00,,,0.0,41.647666666666666,-33.385,4137.325333333333
2023-05-16 22:06:00+00:00,,,0.0,42.159053017672555,-33.4918306102034,4138.027675891964
2023-05-16 22:07:00+00:00,,,0.0,42.518,-33.418,4137.906666666667
2023-05-16 22:08:00+00:00,,,0.0,41.73630973142658,-33.49005929543076,4138.419951168469
2023-05-16 22:09:00+00:00,,,0.0,41.799,-34.184,4138.149333333334
2023-05-16 22:10:00+00:00,,,0.0,41.61566666666667,-34.01266666666667,4138.844333333333
2023-05-16 22:11:00+00:00,,,0.0,41.71066666666667,-33.725,4138.343
2023-05-16 22:12:00+00:00,,,0.0,41.73533333333334,-34.06933333333333,4138.472
2023-05-16 22:13:00+00:00,,,0.0,41.75933333333333,-33.84733333333333,4138.990666666667
2023-05-16 22:14:00+00:00,,,0.0,41.31854569713142,-33.933622414943294,4138.4279519679785
2023-05-16 22:15:00+00:00,,,0.0,40.942,-33.94166666666667,4138.511666666666
2023-05-16 22:16:00+00:00,,,0.0,41.21366666666667,-34.04866666666667,4138.629333333333
2023-05-16 22:17:00+00:00,,,0.0,40.986333333333334,-33.728,4138.653666666667
2023-05-16 22:18:00+00:00,,,0.0,41.619,-34.135666666666665,4138.719666666667
2023-05-16 22:19:00+00:00,,,0.0,40.74333333333333,-33.84,4138.7
2023-05-16 22:20:00+00:00,,,0.0,41.246831220813874,-34.5396931287525,4138.296197464977
2023-05-16 22:21:00+00:00,,,0.0,40.781333333333336,-34.166,4138.790333333333
2023-05-16 22:22:00+00:00,,,0.0,41.108333333333334,-34.56433333333333,4138.263666666667
2023-05-16 22:23:00+00:00,,,0.0,40.58681617397214,-33.885490995582735,4138.705742439687
2023-05-16 22:24:00+00:00,,,0.0,41.418973666441595,-34.42066171505739,4138.032748143147
2023-05-16 22:25:00+00:00,,,0.0,40.41327551701134,-34.233488992661776,4139.150767178119
2023-05-16 22:26:00+00:00,,,0.0,40.76766666666666,-34.385666666666665,4137.663666666666
2023-05-16 22:27:00+00:00,,,0.0,40.492666666666665,-34.14533333333333,4139.591666666666
2023-05-16 22:28:00+00:00,,,0.0,40.74366666666667,-34.425666666666665,4138.998666666666
2023-05-16 22:29:00+00:00,,,0.0,41.01267934601268,-34.600934267600934,4138.391391391391
2023-05-16 22:30:00+00:00,,,0.0,41.473473473473476,-34.19986653319987,4138.297964631298
2023-05-16 22:31:00+00:00,,,0.0,40.628,-34.31666666666667,4138.756333333334
2023-05-16 22:32:00+00:00,,,0.0,40.57919306435478,-34.29976658886295,4138.653551183728
2023-05-16 22:33:00+00:00,,,0.0,40.47366666666667,-34.076,4138.739666666666
2023-05-16 22:34:00+00:00,,,0.0,40.523666666666664,-34.25666666666667,4138.457333333334
2023-05-16 22:35:00+00:00,,,0.0,40.504666666666665,-33.949,4138.908
2023-05-16 22:36:00+00:00,,,0.0,40.57866666666666,-34.279,4137.953333333333
2023-05-16 22:37:00+00:00,,,0.0,44.830666666666666,-29.466,4138.243666666666
2023-05-16 22:38:00+00:00,,,0.0,42.785,-31.964333333333332,4136.567333333333
2023-05-16 22:39:00+00:00,,,0.0,45.828,-28.022666666666666,4138.086666666667
2023-05-16 22:40:00+00:00,,,0.0,41.23566666666667,-32.601333333333336,4135.490333333333
2023-05-16 22:41:00+00:00,,,0.0,41.63666666666666,-33.13433333333333,4137.210333333333
2023-05-16 22:42:00+00:00,,,0.0,40.99032042723631,-33.73397863818425,4138.432910547396
2023-05-16 22:43:00+00:00,,,0.0,43.565666666666665,-31.352333333333334,4132.295
2023-05-16 22:44:00+00:00,,,0.0,45.054684894964986,-31.123041013671223,4146.213071023674
2023-05-16 22:45:00+00:00,,,0.0,44.191191191191194,-30.00900900900901,4143.0784117450785
2023-05-16 22:46:00+00:00,,,0.0,42.293,-31.266333333333332,4140.860333333333
2023-05-16 22:47:00+00:00,,,0.0,43.96333333333333,-29.876666666666665,4139.035
2023-05-16 22:48:00+00:00,,,0.0,46.14266666666666,-27.374333333333333,4137.004
2023-05-16 22:49:00+00:00,,,0.0,42.19,-31.773,4138.511333333333
2023-05-16 22:50:00+00:00,,,0.0,43.970333333333336,-30.269666666666666,4124.552
2023-05-16 22:51:00+00:00,,,0.0,43.800666666666665,-31.019,4145.138333333333
2023-05-16 22:52:00+00:00,,,0.0,41.969,-32.935,4137.02
2023-05-16 22:53:00+00:00,,,0.0,41.408,-33.162,4137.6286666666665
2023-05-16 22:54:00+00:00,,,0.0,41.80733333333333,-33.092333333333336,4137.528666666667
2023-05-16 22:55:00+00:00,,,0.0,41.67933333333333,-33.343333333333334,4137.013
2023-05-16 22:56:00+00:00,,,0.0,41.40533333333333,-32.98533333333334,4138.084333333333
2023-05-16 22:57:00+00:00,,,0.0,41.779264214046826,-33.464548494983276,4139.5397993311035
2023-05-16 22:58:00+00:00,,,0.0,46.06224489795918,-27.488775510204082,4137.1231292517
2023-05-16 22:59:00+00:00,,,0.0,45.659183673469386,-27.30374149659864,4138.209863945578
2023-05-16 23:00:00+00:00,,,0.0,63.0,-19.333333333333332,4143.555555555556
2023-05-16 23:01:00+00:00,,,,,,
2023-05-16 23:02:00+00:00,,,,,,
2023-05-16 23:03:00+00:00,,,,,,
2023-05-16 23:04:00+00:00,,,,,,
2023-05-16 23:05:00+00:00,,,,,,
2023-05-16 23:06:00+00:00,,,,,,
2023-05-16 23:07:00+00:00,,,,,,
2023-05-16 23:08:00+00:00,,,,,,
2023-05-16 23:09:00+00:00,,,,,,
2023-05-16 23:10:00+00:00,,,,,,
2023-05-16 23:11:00+00:00,,,,,,
2023-05-16 23:12:00+00:00,,,,,,
2023-05-16 23:13:00+00:00,,,,,,
2023-05-16 23:14:00+00:00,,,,,,
2023-05-16 23:15:00+00:00,,,,,,
2023-05-16 23:16:00+00:00,,,,,,
2023-05-16 23:17:00+00:00,,,,,,
2023-05-16 23:18:00+00:00,,,,,,
2023-05-16 23:19:00+00:00,,,,,,
2023-05-16 23:20:00+00:00,,,,,,
2023-05-16 23:21:00+00:00,,,,,,
2023-05-16 23:22:00+00:00,,,,,,
2023-05-16 23:23:00+00:00,,,,,,
2023-05-16 23:24:00+00:00,,,,,,
2023-05-16 23:25:00+00:00,,,,,,
2023-05-16 23:26:00+00:00,,,,,,
2023-05-16 23:27:00+00:00,,,,,,
2023-05-16 23:28:00+00:00,,,,,,
2023-05-16 23:29:00+00:00,,,,,,
2023-05-16 23:30:00+00:00,,,,,,
2023-05-16 23:31:00+00:00,,,0.0,45.0,-20.4375,4140.875
2023-05-17 00:00:00+00:00,,,0.0,39.17905968656219,-35.7945981993998,4128.688562854285
2023-05-17 00:01:00+00:00,,,0.0,44.649766511007336,-29.34989993328886,4123.472981987992
2023-05-17 00:02:00+00:00,,,0.0,45.16133333333333,-28.729333333333333,4147.861
2023-05-17 00:03:00+00:00,,,0.0,45.275,-29.989,4149.263333333333
2023-05-17 00:04:00+00:00,,,0.0,41.32333333333333,-32.805,4128.067666666667
2023-05-17 00:05:00+00:00,,,0.0,42.711666666666666,-31.255666666666666,4125.731
2023-05-17 00:06:00+00:00,,,0.0,43.196333333333335,-30.951,4150.038666666666
2023-05-17 00:07:00+00:00,,,0.0,41.10950621430971,-31.59993281827343,4138.115216661068
2023-05-17 00:08:00+00:00,,,0.0,40.93066666666667,-32.359,4138.422666666666
2023-05-17 00:09:00+00:00,,,0.0,44.76425475158386,-28.423807935978658,4146.3257752584195
2023-05-17 00:10:00+00:00,,,0.0,43.888333333333335,-30.035666666666668,4127.678
2023-05-17 00:11:00+00:00,,,0.0,45.63133333333333,-29.45,4137.477666666667
2023-05-17 00:12:00+00:00,,,0.0,44.517183850517185,-30.205205205205207,4126.161494828161
2023-05-17 00:13:00+00:00,,,0.0,43.71423807935979,-29.299099699899966,4149.027009003001
2023-05-17 00:14:00+00:00,,,0.0,46.269333333333336,-27.551333333333332,4143.125333333333
2023-05-17 00:15:00+00:00,,,0.0,42.182,-31.367333333333335,4128.569
2023-05-17 00:16:00+00:00,,,0.0,41.29966666666667,-32.806333333333335,4140.914666666667
2023-05-17 00:17:00+00:00,,,0.0,44.595333333333336,-29.84,4146.113
2023-05-17 00:18:00+00:00,,,0.0,43.11566666666667,-31.887333333333334,4129.490666666667
2023-05-17 00:19:00+00:00,,,0.0,46.25333333333333,-28.27166666666667,4134.068666666667
2023-05-17 00:20:00+00:00,,,0.0,44.20066666666666,-29.554666666666666,4134.683
2023-05-17 00:21:00+00:00,,,0.0,44.46666666666667,-30.307333333333332,4140.675333333334
2023-05-17 00:22:00+00:00,,,0.0,46.383,-28.472,4133.421
2023-05-17 00:23:00+00:00,,,0.0,45.503837170503836,-28.061728395061728,4137.482148815482
2023-05-17 00:24:00+00:00,,,0.0,45.697947214076244,-27.58467741935484,4137.4681085043985
2023-05-17 00:25:00+00:00,,,0.0,46.658552850950315,-27.029009669889962,4134.643547849283
2023-05-17 00:26:00+00:00,,,0.0,44.99766666666667,-28.928,4144.653333333334
2023-05-17 00:27:00+00:00,,,0.0,40.724666666666664,-32.775,4121.214666666667
2023-05-17 00:28:00+00:00,,,0.0,42.526666666666664,-30.854,4152.7283333333335
2023-05-17 00:29:00+00:00,,,0.0,41.896,-32.223333333333336,4133.444666666666
2023-05-17 00:30:00+00:00,,,0.0,48.037691794529685,-26.259839893262175,4146.115410273515
2023-05-17 00:31:00+00:00,,,0.0,41.589,-31.513666666666666,4128.172
2023-05-17 00:32:00+00:00,,,0.0,39.8269423141047,-34.30143381127042,4136.745248416139
2023-05-17 00:33:00+00:00,,,0.0,44.73466666666667,-28.304333333333332,4148.599666666667
2023-05-17 00:34:00+00:00,,,0.0,43.028666666666666,-30.0,4128.159333333333
2023-05-17 00:35:00+00:00,,,0.0,47.458,-26.984333333333332,4137.382333333333
2023-05-17 00:36:00+00:00,,,0.0,44.799,-28.735333333333333,4137.895333333333
2023-05-17 00:37:00+00:00,,,0.0,45.596,-29.289666666666665,4148.9456666666665
2023-05-17 00:38:00+00:00,,,0.0,44.43829219479653,-28.695130086724483,4124.816877918613
2023-05-17 00:39:00+00:00,,,0.0,43.752584194731575,-28.941980660220075,4137.734578192731
2023-05-17 00:40:00+00:00,,,0.0,44.08266666666667,-28.823,4135.85
2023-05-17 00:41:00+00:00,,,0.0,41.022333333333336,-32.652,4135.883333333333
2023-05-17 00:42:00+00:00,,,0.0,43.5835278426142,-29.743914638212736,4127.164388129377
2023-05-17 00:43:00+00:00,,,0.0,42.74066666666667,-30.478,4142.449666666666
2023-05-17 00:44:00+00:00,,,0.0,44.298,-29.665666666666667,4136.909333333333
2023-05-17 00:45:00+00:00,,,0.0,42.443666666666665,-30.187,4140.9203333333335
2023-05-17 00:46:00+00:00,,,0.0,44.467666666666666,-29.760666666666665,4137.668
2023-05-17 00:47:00+00:00,,,0.0,45.74066666666667,-27.73966666666667,4138.304666666667
2023-05-17 00:48:00+00:00,,,0.0,44.766333333333336,-28.537666666666667,4137.132
2023-05-17 00:49:00+00:00,,,0.0,45.82233333333333,-26.57133333333333,4150.446666666667
2023-05-17 00:50:00+00:00,,,0.0,44.24033333333333,-29.963666666666665,4127.802333333333
2023-05-17 00:51:00+00:00,,,0.0,45.925666666666665,-27.475,4140.148666666667
2023-05-17 00:52:00+00:00,,,0.0,45.20633333333333,-28.393,4135.508666666667
2023-05-17 00:53:00+00:00,,,0.0,45.061,-29.260666666666665,4136.439
2023-05-17 00:54:00+00:00,,,0.0,46.30143381127042,-27.466155385128378,4137.2677559186395
2023-05-17 00:55:00+00:00,,,0.0,45.368245496998,-27.49633088725817,4147.859906604403
2023-05-17 00:56:00+00:00,,,0.0,42.58566666666667,-31.259666666666668,4126.701
2023-05-17 00:57:00+00:00,,,0.0,46.644,-28.269666666666666,4140.096
2023-05-17 00:58:00+00:00,,,0.0,44.489333333333335,-28.869,4135.208
2023-05-17 00:59:00+00:00,,,0.0,43.611666666666665,-29.52,4150.051
2023-05-17 01:00:00+00:00,,,0.0,45.91566666666667,-29.216333333333335,4115.423333333333
2023-05-17 01:01:00+00:00,,,0.0,45.811,-26.972333333333335,4147.890333333334
2023-05-17 01:02:00+00:00,,,0.0,42.591,-31.342,4132.442666666667
2023-05-17 01:03:00+00:00,,,0.0,43.32044014671557,-30.70223407802601,4160.327442480827
2023-05-17 01:04:00+00:00,,,0.0,42.63633333333333,-31.97,4115.548
2023-05-17 01:05:00+00:00,,,0.0,46.68966666666667,-26.649333333333335,4151.184666666667
2023-05-17 01:06:00+00:00,,,0.0,47.153666666666666,-27.407666666666668,4146.106
2023-05-17 01:07:00+00:00,,,0.0,38.339,-35.830333333333336,4120.465
2023-05-17 01:08:00+00:00,,,0.0,46.291,-27.304333333333332,4142.292666666666
2023-05-17 01:09:00+00:00,,,0.0,45.67322440813604,-27.682560853617872,4138.999333111037
2023-05-17 01:10:00+00:00,,,0.0,43.638666666666666,-29.336333333333332,4137.268333333333
2023-05-17 01:11:00+00:00,,,0.0,42.148716238746246,-32.630543514504836,4138.34144714905
2023-05-17 01:12:00+00:00,,,0.0,45.68666666666667,-28.602333333333334,4148.674333333333
2023-05-17 01:13:00+00:00,,,0.0,43.874,-30.105333333333334,4130.053333333333
2023-05-17 01:14:00+00:00,,,0.0,45.483333333333334,-27.896333333333335,4133.096666666666
2023-05-17 01:15:00+00:00,,,0.0,44.592333333333336,-30.394,4147.016333333333
2023-05-17 01:16:00+00:00,,,0.0,41.02580428954423,-32.940013404825734,4127.932305630027
2023-05-17 01:17:00+00:00,,,0.0,45.894666666666666,-29.531333333333333,4150.990333333333
2023-05-17 01:18:00+00:00,,,0.0,44.398,-29.135,4127.608666666667
2023-05-17 01:19:00+00:00,,,0.0,42.721,-30.734666666666666,4134.664
2023-05-17 01:20:00+00:00,,,0.0,45.998666666666665,-28.377666666666666,4136.3133333333335
2023-05-17 01:21:00+00:00,,,0.0,44.27942647549183,-28.820940313437813,4138.493497832611
2023-05-17 01:22:00+00:00,,,0.0,42.299199466310874,-32.52935290193462,4133.356904603069
2023-05-17 01:23:00+00:00,,,0.0,47.48349449816605,-27.612870956985663,4141.680560186729
2023-05-17 01:24:00+00:00,,,0.0,45.48032021347565,-28.421614409606406,4138.257171447632
2023-05-17 01:25:00+00:00,,,0.0,45.82394131377126,-27.326775591863953,4138.459486495499
2023-05-17 01:26:00+00:00,,,0.0,42.204,-31.196,4138.617
2023-05-17 01:27:00+00:00,,,0.0,47.986333333333334,-27.342,4133.337666666666
2023-05-17 01:28:00+00:00,,,0.0,44.846333333333334,-27.630666666666666,4151.069666666666
2023-05-17 01:29:00+00:00,,,0.0,43.98966322107369,-30.262087362454153,4125.0143381127045
2023-05-17 01:30:00+00:00,,,0.0,44.29943314438146,-29.412804268089364,4138.825275091697
2023-05-17 01:31:00+00:00,,,0.0,46.769666666666666,-28.230666666666668,4123.129333333333
2023-05-17 01:32:00+00:00,,,0.0,44.272,-29.974,4145.473
2023-05-17 01:33:00+00:00,,,0.0,42.13,-32.715666666666664,4139.031666666667
2023-05-17 01:34:00+00:00,,,0.0,41.842,-32.89,4138.255666666667
2023-05-17 01:35:00+00:00,,,0.0,45.13966666666666,-28.159,4149.040333333333
2023-05-17 01:36:00+00:00,,,0.0,40.45733333333333,-32.78633333333333,4129.537666666667
2023-05-17 01:37:00+00:00,,,0.0,44.135378459486496,-29.766255418472824,4148.027009003001
2023-05-17 01:38:00+00:00,,,0.0,42.891666666666666,-31.558333333333334,4126.296666666667
2023-05-17 01:39:00+00:00,,,0.0,47.27242414138046,-26.941980660220075,4139.274091363788
2023-05-17 01:40:00+00:00,,,0.0,42.840333333333334,-31.287333333333333,4134.022666666667
2023-05-17 01:41:00+00:00,,,0.0,45.586333333333336,-27.633666666666667,4139.194
2023-05-17 01:42:00+00:00,,,0.0,44.34,-27.879,4146.2046666666665
2023-05-17 01:43:00+00:00,,,0.0,41.586,-31.982666666666667,4120.678333333333
2023-05-17 01:44:00+00:00,,,0.0,43.96933333333333,-30.629666666666665,4145.593666666667
2023-05-17 01:45:00+00:00,,,0.0,42.967,-29.877666666666666,4129.890333333334
2023-05-17 01:46:00+00:00,,,0.0,46.037024683122084,-27.283522348232154,4150.886924616411
2023-05-17 01:47:00+00:00,,,0.0,44.07457171649311,-29.215317433658043,4132.397044004031
2023-05-17 01:48:00+00:00,,,0.0,46.00952705001701,-28.623681524328003,4134.741748894182
2023-05-17 01:49:00+00:00,,,0.0,46.021088435374146,-27.06972789115646,4148.584013605442
2023-05-17 01:50:00+00:00,,,0.0,42.72553619302949,-30.521782841823057,4115.256702412868
2023-05-17 01:51:00+00:00,,,0.0,45.035333333333334,-27.608666666666668,4153.73
2023-05-17 01:52:00+00:00,,,0.0,44.41847282427476,-28.901967322440814,4143.367122374125
2023-05-17 01:53:00+00:00,,,0.0,45.63933333333333,-29.325666666666667,4141.082666666666
2023-05-17 01:54:00+00:00,,,0.0,45.748666666666665,-27.251333333333335,4123.924
2023-05-17 01:55:00+00:00,,,0.0,42.9339559706471,-29.275517011340895,4138.740160106738
2023-05-17 01:56:00+00:00,,,0.0,44.059666666666665,-30.657,4137.277666666667
2023-05-17 01:57:00+00:00,,,0.0,44.446333333333335,-30.639,4138.412666666667
2023-05-17 01:58:00+00:00,,,0.0,41.51566666666667,-32.772333333333336,4137.992
2023-05-17 01:59:00+00:00,,,0.0,41.954651550516836,-32.864621540513504,4137.3601200400135
2023-05-17 02:00:00+00:00,,,0.0,41.895,-32.861,4138.542333333334
2023-05-17 02:01:00+00:00,,,0.0,40.963,-32.52766666666667,4138.424333333333
2023-05-17 02:02:00+00:00,,,0.0,41.549183061020344,-33.17239079693231,4138.378459486496
2023-05-17 02:03:00+00:00,,,0.0,43.190333333333335,-30.282666666666668,4137.529333333333
2023-05-17 02:04:00+00:00,,,0.0,44.76233333333333,-28.242333333333335,4149.332333333334
2023-05-17 02:05:00+00:00,,,0.0,41.711,-31.766333333333332,4128.726
2023-05-17 02:06:00+00:00,,,0.0,44.133,-29.002666666666666,4151.745
2023-05-17 02:07:00+00:00,,,0.0,44.497,-30.019,4117.210333333333
2023-05-17 02:08:00+00:00,,,0.0,44.96633333333333,-28.573666666666668,4148.884666666667
2023-05-17 02:09:00+00:00,,,0.0,40.995663775850566,-31.878252168112073,4137.136757838559
2023-05-17 02:10:00+00:00,,,0.0,41.849333333333334,-32.08266666666667,4137.115
2023-05-17 02:11:00+00:00,,,0.0,44.223333333333336,-30.188333333333333,4138.813666666667
2023-05-17 02:12:00+00:00,,,0.0,45.76,-28.158333333333335,4125.739333333333
2023-05-17 02:13:00+00:00,,,0.0,42.665665665665664,-30.88088088088088,4154.306639973307
2023-05-17 02:14:00+00:00,,,0.0,40.172,-33.940666666666665,4122.43
2023-05-17 02:15:00+00:00,,,0.0,46.4873248832555,-27.66811207471648,4144.759506337558
2023-05-17 02:16:00+00:00,,,0.0,42.940333333333335,-29.252,4135.1303333333335
2023-05-17 02:17:00+00:00,,,0.0,48.807,-27.121333333333332,4139.078666666666
2023-05-17 02:18:00+00:00,,,0.0,44.662,-28.773666666666667,4139.364666666666
2023-05-17 02:19:00+00:00,,,0.0,43.464333333333336,-30.701666666666668,4136.8206666666665
2023-05-17 02:20:00+00:00,,,0.0,46.44166666666667,-28.210333333333335,4145.796
2023-05-17 02:21:00+00:00,,,0.0,42.594,-31.211,4116.809666666667
2023-05-17 02:22:00+00:00,,,0.0,44.660333333333334,-27.773,4159.499666666667
2023-05-17 02:23:00+00:00,,,0.0,40.784666666666666,-32.99,4125.761333333333
2023-05-17 02:24:00+00:00,,,0.0,49.15810810810811,-27.226013513513514,4141.193581081081
2023-05-17 02:25:00+00:00,,,0.0,49.7090847226948,-25.013610071452874,4136.65770670296
2023-05-17 02:26:00+00:00,,,0.0,46.116700201207244,-27.988262910798124,4135.847417840376
2023-05-17 02:27:00+00:00,,,0.0,46.18945963975984,-27.681120747164776,4141.404936624416
2023-05-17 02:28:00+00:00,,,0.0,42.83733333333333,-32.107,4129.721666666666
2023-05-17 02:29:00+00:00,,,0.0,47.25066666666667,-26.519,4139.129666666667
2023-05-17 02:30:00+00:00,,,0.0,46.318985652318986,-25.164497831164496,4134.857857857858
2023-05-17 02:31:00+00:00,,,0.0,44.311,-29.689333333333334,4137.516
2023-05-17 02:32:00+00:00,,,0.0,47.692,-26.601,4144.573666666666
2023-05-17 02:33:00+00:00,,,0.0,43.67133333333334,-30.491333333333333,4129.462
