,result,table,_time,x,y,z
,,0,2023-05-17T14:00:00.017Z,53,-10,4147
,,0,2023-05-17T14:00:00.037Z,40,-20,4145
,,0,2023-05-17T14:00:00.057Z,58,-48,4154
,,0,2023-05-17T14:00:00.077Z,75,-32,4156
,,0,2023-05-17T14:00:00.097Z,41,-15,4121
,,0,2023-05-17T14:00:00.117Z,70,-33,4124
,,0,2023-05-17T14:00:00.137Z,33,-31,4163
,,0,2023-05-17T14:00:00.157Z,43,-19,4147
,,0,2023-05-17T14:00:00.177Z,41,-21,4156
,,0,2023-05-17T14:00:00.197Z,46,-39,4117
,,0,2023-05-17T14:00:00.217Z,31,-49,4156
,,0,2023-05-17T14:00:00.237Z,50,-69,4175
,,0,2023-05-17T14:00:00.257Z,30,-29,4145
,,0,2023-05-17T14:00:00.277Z,54,-25,4137
,,0,2023-05-17T14:00:00.297Z,45,-30,4157
,,0,2023-05-17T14:00:00.317Z,62,-46,4145
,,0,2023-05-17T14:00:00.337Z,56,-22,4163
,,0,2023-05-17T14:00:00.357Z,56,-28,4135
,,0,2023-05-17T14:00:00.377Z,41,-14,4166
,,0,2023-05-17T14:00:00.397Z,54,-41,4163
,,0,2023-05-17T14:00:00.417Z,68,-13,4192
,,0,2023-05-17T14:00:00.437Z,24,-48,4144
,,0,2023-05-17T14:00:00.457Z,64,-30,4106
,,0,2023-05-17T14:00:00.477Z,55,-27,4137
,,0,2023-05-17T14:00:00.497Z,31,-20,4164
,,0,2023-05-17T14:00:00.517Z,71,-13,4114
,,0,2023-05-17T14:00:00.537Z,54,-15,4159
,,0,2023-05-17T14:00:00.557Z,62,-22,4137
,,0,2023-05-17T14:00:00.577Z,47,-29,4144
,,0,2023-05-17T14:00:00.597Z,61,-1,4160
,,0,2023-05-17T14:00:00.617Z,52,-19,4150
,,0,2023-05-17T14:00:00.637Z,41,-45,4171
,,0,2023-05-17T14:00:00.657Z,45,-35,4134
,,0,2023-05-17T14:00:00.677Z,48,-12,4161
,,0,2023-05-17T14:00:00.697Z,48,-14,4136
,,0,2023-05-17T14:00:00.717Z,24,-37,4127
,,0,2023-05-17T14:00:00.737Z,58,-21,4167
,,0,2023-05-17T14:00:00.757Z,27,-16,4119
,,0,2023-05-17T14:00:00.777Z,63,-30,4151
,,0,2023-05-17T14:00:00.797Z,70,-25,4138
,,0,2023-05-17T14:00:00.817Z,45,-23,4139
,,0,2023-05-17T14:00:00.837Z,65,-33,4144
,,0,2023-05-17T14:00:00.857Z,31,-43,4172
,,0,2023-05-17T14:00:00.877Z,50,-26,4154
,,0,2023-05-17T14:00:00.897Z,43,-39,4139
,,0,2023-05-17T14:00:00.917Z,55,-7,4117
,,0,2023-05-17T14:00:00.937Z,58,-21,4166
,,0,2023-05-17T14:00:00.957Z,64,-42,4126
,,0,2023-05-17T14:00:00.977Z,35,-27,4154
,,0,2023-05-17T14:00:00.997Z,48,-10,4131
,,0,2023-05-17T14:00:01.017Z,50,-13,4181
,,0,2023-05-17T14:00:01.037Z,50,-29,4171
,,0,2023-05-17T14:00:01.057Z,51,-19,4126
,,0,2023-05-17T14:00:01.077Z,49,-35,4167
,,0,2023-05-17T14:00:01.097Z,45,-27,4128
,,0,2023-05-17T14:00:01.117Z,54,-33,4144
,,0,2023-05-17T14:00:01.137Z,38,-48,4159
,,0,2023-05-17T14:00:01.157Z,46,-17,4182
,,0,2023-05-17T14:00:01.177Z,83,-24,4159
,,0,2023-05-17T14:00:01.197Z,53,-48,4151
,,0,2023-05-17T14:00:01.217Z,26,-33,4132
,,0,2023-05-17T14:00:01.237Z,49,-40,4094
,,0,2023-05-17T14:00:01.257Z,45,-29,4082
,,0,2023-05-17T14:00:01.277Z,38,-29,4096
,,0,2023-05-17T14:00:01.297Z,67,-51,4164
,,0,2023-05-17T14:00:01.317Z,57,-33,4169
,,0,2023-05-17T14:00:01.337Z,39,-17,4117
,,0,2023-05-17T14:00:01.357Z,38,-13,4170
,,0,2023-05-17T14:00:01.377Z,34,-35,4148
,,0,2023-05-17T14:00:01.397Z,16,-21,4132
,,0,2023-05-17T14:00:01.417Z,54,-34,4137
,,0,2023-05-17T14:00:01.437Z,43,-9,4155
,,0,2023-05-17T14:00:01.457Z,40,-8,4162
,,0,2023-05-17T14:00:01.477Z,64,-16,4158
,,0,2023-05-17T14:00:01.497Z,28,-36,4119
,,0,2023-05-17T14:00:01.517Z,63,-27,4127
,,0,2023-05-17T14:00:01.537Z,56,-34,4157
,,0,2023-05-17T14:00:01.557Z,53,-19,4160
,,0,2023-05-17T14:00:01.577Z,35,-18,4171
,,0,2023-05-17T14:00:01.597Z,53,-13,4134
,,0,2023-05-17T14:00:01.617Z,60,-62,4140
,,0,2023-05-17T14:00:01.637Z,51,-8,4116
,,0,2023-05-17T14:00:01.657Z,61,-34,4158
,,0,2023-05-17T14:00:01.677Z,54,-13,4159
,,0,2023-05-17T14:00:01.697Z,45,-13,4157
,,0,2023-05-17T14:00:01.717Z,72,-26,4149
,,0,2023-05-17T14:00:01.737Z,43,-46,4156
,,0,2023-05-17T14:00:01.757Z,58,-31,4115
,,0,2023-05-17T14:00:01.777Z,61,-22,4141
,,0,2023-05-17T14:00:01.797Z,44,-35,4133
,,0,2023-05-17T14:00:01.817Z,62,-43,4184
,,0,2023-05-17T14:00:01.837Z,53,-17,4153
,,0,2023-05-17T14:00:01.857Z,44,-17,4132
,,0,2023-05-17T14:00:01.877Z,26,-16,4156
,,0,2023-05-17T14:00:01.897Z,58,5,4160
,,0,2023-05-17T14:00:01.917Z,26,-39,4128
,,0,2023-05-17T14:00:01.937Z,45,-18,4109
,,0,2023-05-17T14:00:01.957Z,29,-16,4140
,,0,2023-05-17T14:00:01.977Z,43,-29,4128
,,0,2023-05-17T14:00:01.997Z,28,-40,4162
,,0,2023-05-17T14:00:02.017Z,41,-37,4201
,,0,2023-05-17T14:00:02.037Z,62,-17,4145
,,0,2023-05-17T14:00:02.057Z,47,-19,4179
,,0,2023-05-17T14:00:02.077Z,37,-26,4139
,,0,2023-05-17T14:00:02.097Z,73,-48,4112
,,0,2023-05-17T14:00:02.117Z,52,-25,4104
,,0,2023-05-17T14:00:02.137Z,52,-12,4150
,,0,2023-05-17T14:00:02.157Z,34,-40,4151
,,0,2023-05-17T14:00:02.177Z,43,-23,4155
,,0,2023-05-17T14:00:02.197Z,46,-29,4154
,,0,2023-05-17T14:00:02.217Z,54,-24,4163
,,0,2023-05-17T14:00:02.237Z,75,-42,4164
,,0,2023-05-17T14:00:02.257Z,55,2,4182
,,0,2023-05-17T14:00:02.277Z,55,-27,4127
,,0,2023-05-17T14:00:02.297Z,40,-17,4132
,,0,2023-05-17T14:00:02.317Z,55,-17,4134
,,0,2023-05-17T14:00:02.337Z,31,-25,4161
,,0,2023-05-17T14:00:02.357Z,28,-27,4145
,,0,2023-05-17T14:00:02.377Z,33,-21,4133
,,0,2023-05-17T14:00:02.397Z,42,-34,4148
,,0,2023-05-17T14:00:02.417Z,61,-34,4150
,,0,2023-05-17T14:00:02.437Z,20,-28,4127
,,0,2023-05-17T14:00:02.457Z,59,-27,4171
,,0,2023-05-17T14:00:02.477Z,56,-13,4142
,,0,2023-05-17T14:00:02.497Z,44,-34,4136
,,0,2023-05-17T14:00:02.517Z,73,-33,4173
,,0,2023-05-17T14:00:02.537Z,52,-16,4123
,,0,2023-05-17T14:00:02.557Z,40,-21,4135
,,0,2023-05-17T14:00:02.577Z,34,-14,4142
,,0,2023-05-17T14:00:02.597Z,40,-28,4140
,,0,2023-05-17T14:00:02.617Z,46,-37,4177
,,0,2023-05-17T14:00:02.637Z,30,-28,4131
,,0,2023-05-17T14:00:02.657Z,59,-28,4143
,,0,2023-05-17T14:00:02.677Z,59,-29,4170
,,0,2023-05-17T14:00:02.697Z,63,-29,4162
,,0,2023-05-17T14:00:02.717Z,51,2,4131
,,0,2023-05-17T14:00:02.737Z,58,-11,4152
,,0,2023-05-17T14:00:02.757Z,65,-27,4151
,,0,2023-05-17T14:00:02.777Z,54,-15,4157
,,0,2023-05-17T14:00:02.797Z,57,-33,4167
,,0,2023-05-17T14:00:02.817Z,50,-13,4154
,,0,2023-05-17T14:00:02.837Z,42,-28,4153
,,0,2023-05-17T14:00:02.857Z,57,-5,4137
,,0,2023-05-17T14:00:02.877Z,54,-20,4155
,,0,2023-05-17T14:00:02.897Z,60,-41,4145
,,0,2023-05-17T14:00:02.917Z,58,-17,4136
,,0,2023-05-17T14:00:02.937Z,61,-35,4147
,,0,2023-05-17T14:00:02.957Z,40,-28,4121
,,0,2023-05-17T14:00:02.977Z,27,-13,4136
,,0,2023-05-17T14:00:02.997Z,61,-17,4148
,,0,2023-05-17T14:00:03.017Z,66,-37,4146
,,0,2023-05-17T14:00:03.037Z,46,-21,4161
,,0,2023-05-17T14:00:03.057Z,56,-44,4164
,,0,2023-05-17T14:00:03.077Z,45,-37,4159
,,0,2023-05-17T14:00:03.097Z,64,-36,4171
,,0,2023-05-17T14:00:03.117Z,36,-32,4120
,,0,2023-05-17T14:00:03.137Z,49,-34,4101
,,0,2023-05-17T14:00:03.157Z,58,-27,4153
,,0,2023-05-17T14:00:03.177Z,66,-51,4118
,,0,2023-05-17T14:00:03.197Z,70,-41,4155
,,0,2023-05-17T14:00:03.217Z,59,-5,4169
,,0,2023-05-17T14:00:03.237Z,42,-23,4174
,,0,2023-05-17T14:00:03.257Z,38,-18,4135
,,0,2023-05-17T14:00:03.277Z,37,-27,4182
,,0,2023-05-17T14:00:03.297Z,50,-43,4113
,,0,2023-05-17T14:00:03.317Z,62,-45,4138
,,0,2023-05-17T14:00:03.337Z,32,-3,4149
,,0,2023-05-17T14:00:03.357Z,22,-26,4187
,,0,2023-05-17T14:00:03.377Z,71,-33,4125
,,0,2023-05-17T14:00:03.397Z,37,-21,4165
,,0,2023-05-17T14:00:03.417Z,59,-30,4117
,,0,2023-05-17T14:00:03.437Z,69,-25,4131
,,0,2023-05-17T14:00:03.457Z,37,-33,4145
,,0,2023-05-17T14:00:03.477Z,45,-38,4113
,,0,2023-05-17T14:00:03.497Z,53,-37,4168
,,0,2023-05-17T14:00:03.517Z,54,-38,4143
,,0,2023-05-17T14:00:03.537Z,42,-17,4169
,,0,2023-05-17T14:00:03.557Z,51,-8,4147
,,0,2023-05-17T14:00:03.577Z,43,-16,4091
,,0,2023-05-17T14:00:03.597Z,68,-30,4117
,,0,2023-05-17T14:00:03.617Z,37,-13,4144
,,0,2023-05-17T14:00:03.637Z,53,-27,4162
,,0,2023-05-17T14:00:03.657Z,46,-23,4169
,,0,2023-05-17T14:00:03.677Z,93,-42,4161
,,0,2023-05-17T14:00:03.697Z,60,-37,4157
,,0,2023-05-17T14:00:03.717Z,43,-22,4157
,,0,2023-05-17T14:00:03.737Z,46,-6,4155
,,0,2023-05-17T14:00:03.757Z,24,-11,4174
,,0,2023-05-17T14:00:03.777Z,48,-16,4160
,,0,2023-05-17T14:00:03.797Z,25,-23,4167
,,0,2023-05-17T14:00:03.817Z,51,-2,4184
,,0,2023-05-17T14:00:03.837Z,49,-29,4152
,,0,2023-05-17T14:00:03.857Z,50,-9,4132
,,0,2023-05-17T14:00:03.877Z,45,-10,4146
,,0,2023-05-17T14:00:03.897Z,64,-16,4124
,,0,2023-05-17T14:00:03.917Z,22,-30,4107
,,0,2023-05-17T14:00:03.937Z,43,-22,4172
,,0,2023-05-17T14:00:03.957Z,85,9,4154
,,0,2023-05-17T14:00:03.977Z,50,-45,4147
,,0,2023-05-17T14:00:03.997Z,62,-44,4167
,,0,2023-05-17T14:00:04.017Z,42,-39,4134
,,0,2023-05-17T14:00:04.037Z,45,-27,4136
,,0,2023-05-17T14:00:04.057Z,77,-19,4134
,,0,2023-05-17T14:00:04.077Z,62,-27,4160
,,0,2023-05-17T14:00:04.097Z,68,-39,4114
,,0,2023-05-17T14:00:04.117Z,38,-31,4134
,,0,2023-05-17T14:00:04.137Z,50,-29,4153
,,0,2023-05-17T14:00:04.157Z,44,-31,4142
,,0,2023-05-17T14:00:04.177Z,44,-12,4118
,,0,2023-05-17T14:00:04.197Z,61,-28,4179
,,0,2023-05-17T14:00:04.217Z,31,-17,4152
,,0,2023-05-17T14:00:04.237Z,41,-22,4142
,,0,2023-05-17T14:00:04.257Z,43,-33,4161
,,0,2023-05-17T14:00:04.277Z,54,-12,4138
,,0,2023-05-17T14:00:04.297Z,50,-25,4132
,,0,2023-05-17T14:00:04.317Z,65,-24,4155
,,0,2023-05-17T14:00:04.337Z,58,-11,4145
,,0,2023-05-17T14:00:04.357Z,70,-20,4154
,,0,2023-05-17T14:00:04.377Z,42,-39,4165
,,0,2023-05-17T14:00:04.397Z,86,-40,4158
,,0,2023-05-17T14:00:04.417Z,51,-6,4150
,,0,2023-05-17T14:00:04.437Z,60,-13,4165
,,0,2023-05-17T14:00:04.457Z,46,-15,4150
,,0,2023-05-17T14:00:04.477Z,67,-34,4133
,,0,2023-05-17T14:00:04.497Z,13,-26,4135
,,0,2023-05-17T14:00:04.517Z,67,3,4140
,,0,2023-05-17T14:00:04.537Z,48,-17,4158
,,0,2023-05-17T14:00:04.557Z,60,-19,4131
,,0,2023-05-17T14:00:04.577Z,30,-17,4141
,,0,2023-05-17T14:00:04.597Z,55,-46,4139
,,0,2023-05-17T14:00:04.617Z,65,-41,4178
,,0,2023-05-17T14:00:04.637Z,20,-13,4146
,,0,2023-05-17T14:00:04.657Z,14,-20,4130
,,0,2023-05-17T14:00:04.677Z,67,-19,4155
,,0,2023-05-17T14:00:04.697Z,43,-18,4179
,,0,2023-05-17T14:00:04.717Z,55,-46,4124
,,0,2023-05-17T14:00:04.737Z,66,-17,4131
,,0,2023-05-17T14:00:04.757Z,32,-12,4149
,,0,2023-05-17T14:00:04.777Z,45,-16,4167
,,0,2023-05-17T14:00:04.797Z,30,-21,4159
,,0,2023-05-17T14:00:04.817Z,61,-4,4123
,,0,2023-05-17T14:00:04.837Z,51,-16,4110
,,0,2023-05-17T14:00:04.857Z,58,-43,4171
,,0,2023-05-17T14:00:04.877Z,43,-34,4144
,,0,2023-05-17T14:00:04.897Z,53,-27,4109
,,0,2023-05-17T14:00:04.917Z,51,-29,4164
,,0,2023-05-17T14:00:04.937Z,71,-39,4151
,,0,2023-05-17T14:00:04.957Z,39,-28,4143
,,0,2023-05-17T14:00:04.977Z,40,-43,4168
,,0,2023-05-17T14:00:04.997Z,46,-9,4151
,,0,2023-05-17T14:00:05.017Z,26,-25,4144
,,0,2023-05-17T14:00:05.037Z,25,-19,4132
,,0,2023-05-17T14:00:05.057Z,41,-6,4137
,,0,2023-05-17T14:00:05.077Z,69,-40,4183
,,0,2023-05-17T14:00:05.097Z,57,-29,4122
,,0,2023-05-17T14:00:05.117Z,72,-11,4169
,,0,2023-05-17T14:00:05.137Z,47,-26,4171
,,0,2023-05-17T14:00:05.157Z,43,-18,4135
,,0,2023-05-17T14:00:05.177Z,38,-24,4155
,,0,2023-05-17T14:00:05.197Z,65,-53,4169
,,0,2023-05-17T14:00:05.217Z,46,-6,4113
,,0,2023-05-17T14:00:05.237Z,55,-19,4160
,,0,2023-05-17T14:00:05.257Z,33,-37,4172
,,0,2023-05-17T14:00:05.277Z,60,-18,4158
,,0,2023-05-17T14:00:05.297Z,35,-11,4155
,,0,2023-05-17T14:00:05.317Z,41,-25,4139
,,0,2023-05-17T14:00:05.337Z,41,-17,4129
,,0,2023-05-17T14:00:05.357Z,61,-26,4145
,,0,2023-05-17T14:00:05.377Z,68,-35,4159
,,0,2023-05-17T14:00:05.397Z,50,-24,4141
,,0,2023-05-17T14:00:05.417Z,67,-35,4118
,,0,2023-05-17T14:00:05.437Z,64,-27,4144
,,0,2023-05-17T14:00:05.457Z,29,-13,4138
,,0,2023-05-17T14:00:05.477Z,34,-25,4159
,,0,2023-05-17T14:00:05.497Z,51,-42,4155
,,0,2023-05-17T14:00:05.517Z,58,-3,4097
,,0,2023-05-17T14:00:05.537Z,47,-29,4124
,,0,2023-05-17T14:00:05.557Z,43,-29,4166
,,0,2023-05-17T14:00:05.577Z,57,-52,4153
,,0,2023-05-17T14:00:05.597Z,34,-18,4166
,,0,2023-05-17T14:00:05.617Z,72,-52,4117
,,0,2023-05-17T14:00:05.637Z,53,-29,4140
,,0,2023-05-17T14:00:05.657Z,58,-42,4131
,,0,2023-05-17T14:00:05.677Z,50,-10,4109
,,0,2023-05-17T14:00:05.697Z,45,-40,4133
,,0,2023-05-17T14:00:05.717Z,33,-14,4141
,,0,2023-05-17T14:00:05.737Z,46,-20,4145
,,0,2023-05-17T14:00:05.757Z,55,-17,4124
,,0,2023-05-17T14:00:05.777Z,33,-21,4140
,,0,2023-05-17T14:00:05.797Z,54,-31,4074
,,0,2023-05-17T14:00:05.817Z,10,-17,4134
,,0,2023-05-17T14:00:05.837Z,62,-13,4151
,,0,2023-05-17T14:00:05.857Z,51,-29,4144
,,0,2023-05-17T14:00:05.877Z,44,-26,4170
,,0,2023-05-17T14:00:05.897Z,50,-21,4163
,,0,2023-05-17T14:00:05.917Z,36,-26,4160
,,0,2023-05-17T14:00:05.937Z,37,-12,4147
,,0,2023-05-17T14:00:05.957Z,61,-33,4108
,,0,2023-05-17T14:00:05.977Z,52,-41,4152
,,0,2023-05-17T14:00:05.997Z,49,-24,4157
,,0,2023-05-17T14:00:06.017Z,44,-55,4146
,,0,2023-05-17T14:00:06.037Z,49,-47,4117
,,0,2023-05-17T14:00:06.057Z,46,-22,4163
,,0,2023-05-17T14:00:06.077Z,42,-26,4147
,,0,2023-05-17T14:00:06.097Z,64,-10,4139
,,0,2023-05-17T14:00:06.117Z,48,-30,4125
,,0,2023-05-17T14:00:06.137Z,46,-32,4132
,,0,2023-05-17T14:00:06.157Z,56,-30,4118
,,0,2023-05-17T14:00:06.177Z,43,-29,4156
,,0,2023-05-17T14:00:06.197Z,42,-16,4182
,,0,2023-05-17T14:00:06.217Z,50,-40,4141
,,0,2023-05-17T14:00:06.237Z,65,-27,4161
,,0,2023-05-17T14:00:06.257Z,46,-17,4105
,,0,2023-05-17T14:00:06.277Z,43,-13,4151
,,0,2023-05-17T14:00:06.297Z,54,-17,4170
,,0,2023-05-17T14:00:06.317Z,39,-25,4179
,,0,2023-05-17T14:00:06.337Z,56,-23,4164
,,0,2023-05-17T14:00:06.357Z,54,-9,4135
,,0,2023-05-17T14:00:06.377Z,54,-21,4119
,,0,2023-05-17T14:00:06.397Z,63,-1,4125
,,0,2023-05-17T14:00:06.417Z,43,-54,4122
,,0,2023-05-17T14:00:06.437Z,54,-23,4116
,,0,2023-05-17T14:00:06.457Z,51,-42,4170
,,0,2023-05-17T14:00:06.477Z,38,-43,4151
,,0,2023-05-17T14:00:06.497Z,80,-25,4135
,,0,2023-05-17T14:00:06.517Z,56,-20,4116
,,0,2023-05-17T14:00:06.537Z,56,-26,4142
,,0,2023-05-17T14:00:06.557Z,36,-15,4147
,,0,2023-05-17T14:00:06.577Z,55,-35,4136
,,0,2023-05-17T14:00:06.597Z,51,-38,4189
,,0,2023-05-17T14:00:06.617Z,69,-22,4162
,,0,2023-05-17T14:00:06.637Z,40,-51,4140
,,0,2023-05-17T14:00:06.657Z,58,-9,4149
,,0,2023-05-17T14:00:06.677Z,52,-31,4166
,,0,2023-05-17T14:00:06.697Z,42,-20,4152
,,0,2023-05-17T14:00:06.717Z,58,-9,4143
,,0,2023-05-17T14:00:06.737Z,50,-15,4141
,,0,2023-05-17T14:00:06.757Z,34,-13,4145
,,0,2023-05-17T14:00:06.777Z,63,-27,4155
,,0,2023-05-17T14:00:06.797Z,51,-16,4152
,,0,2023-05-17T14:00:06.817Z,55,-49,4168
,,0,2023-05-17T14:00:06.837Z,54,-15,4178
,,0,2023-05-17T14:00:06.857Z,32,-6,4137
,,0,2023-05-17T14:00:06.877Z,50,-50,4135
,,0,2023-05-17T14:00:06.897Z,56,1,4130
,,0,2023-05-17T14:00:06.917Z,18,-22,4160
,,0,2023-05-17T14:00:06.937Z,51,-13,4147
,,0,2023-05-17T14:00:06.957Z,54,-23,4136
,,0,2023-05-17T14:00:06.977Z,50,-39,4173
,,0,2023-05-17T14:00:06.997Z,51,-16,4159
,,0,2023-05-17T14:00:07.017Z,31,-27,4152
,,0,2023-05-17T14:00:07.037Z,36,-27,4171
,,0,2023-05-17T14:00:07.057Z,59,-34,4143
,,0,2023-05-17T14:00:07.077Z,25,-34,4160
,,0,2023-05-17T14:00:07.097Z,49,-7,4142
,,0,2023-05-17T14:00:07.117Z,41,-32,4124
,,0,2023-05-17T14:00:07.137Z,20,-21,4146
,,0,2023-05-17T14:00:07.157Z,33,-33,4165
,,0,2023-05-17T14:00:07.177Z,73,-31,4130
,,0,2023-05-17T14:00:07.197Z,65,-13,4145
,,0,2023-05-17T14:00:07.217Z,24,-28,4139
,,0,2023-05-17T14:00:07.237Z,38,-7,4167
,,0,2023-05-17T14:00:07.257Z,59,-21,4168
,,0,2023-05-17T14:00:07.277Z,56,-17,4152
,,0,2023-05-17T14:00:07.297Z,73,-35,4152
,,0,2023-05-17T14:00:07.317Z,39,-29,4141
,,0,2023-05-17T14:00:07.337Z,55,-36,4149
,,0,2023-05-17T14:00:07.357Z,43,-15,4171
,,0,2023-05-17T14:00:07.377Z,59,-25,4158
,,0,2023-05-17T14:00:07.397Z,48,-35,4143
,,0,2023-05-17T14:00:07.417Z,25,-33,4151
,,0,2023-05-17T14:00:07.437Z,59,-23,4150
,,0,2023-05-17T14:00:07.457Z,33,-43,4153
,,0,2023-05-17T14:00:07.477Z,52,-33,4159
,,0,2023-05-17T14:00:07.497Z,62,-20,4150
,,0,2023-05-17T14:00:07.517Z,60,-38,4143
,,0,2023-05-17T14:00:07.537Z,40,-9,4164
,,0,2023-05-17T14:00:07.557Z,32,5,4155
,,0,2023-05-17T14:00:07.577Z,44,-19,4107
,,0,2023-05-17T14:00:07.597Z,81,-30,4165
,,0,2023-05-17T14:00:07.617Z,65,-11,4151
,,0,2023-05-17T14:00:07.637Z,29,-37,4121
,,0,2023-05-17T14:00:07.657Z,49,-33,4134
,,0,2023-05-17T14:00:07.677Z,44,-24,4174
,,0,2023-05-17T14:00:07.697Z,46,-26,4154
,,0,2023-05-17T14:00:07.717Z,69,-41,4124
,,0,2023-05-17T14:00:07.737Z,52,-29,4156
,,0,2023-05-17T14:00:07.757Z,62,-23,4132
,,0,2023-05-17T14:00:07.777Z,52,-2,4168
,,0,2023-05-17T14:00:07.797Z,61,-17,4144
,,0,2023-05-17T14:00:07.817Z,54,-7,4130
,,0,2023-05-17T14:00:07.837Z,48,-27,4153
,,0,2023-05-17T14:00:07.857Z,37,-38,4157
,,0,2023-05-17T14:00:07.877Z,44,-27,4125
,,0,2023-05-17T14:00:07.897Z,48,-17,4141
,,0,2023-05-17T14:00:07.917Z,46,-19,4148
,,0,2023-05-17T14:00:07.937Z,46,-21,4120
,,0,2023-05-17T14:00:07.957Z,39,-28,4135
,,0,2023-05-17T14:00:07.977Z,26,-30,4169
,,0,2023-05-17T14:00:07.997Z,44,-24,4170
,,0,2023-05-17T14:00:08.017Z,67,-21,4160
,,0,2023-05-17T14:00:08.037Z,48,-23,4140
,,0,2023-05-17T14:00:08.057Z,64,-13,4131
,,0,2023-05-17T14:00:08.077Z,41,-25,4152
,,0,2023-05-17T14:00:08.097Z,21,-49,4175
,,0,2023-05-17T14:00:08.117Z,62,-50,4173
,,0,2023-05-17T14:00:08.137Z,43,-23,4161
,,0,2023-05-17T14:00:08.157Z,54,-29,4125
,,0,2023-05-17T14:00:08.177Z,36,-36,4148
,,0,2023-05-17T14:00:08.197Z,68,-49,4131
,,0,2023-05-17T14:00:08.217Z,38,-31,4124
,,0,2023-05-17T14:00:08.237Z,51,-25,4124
,,0,2023-05-17T14:00:08.257Z,68,-13,4156
,,0,2023-05-17T14:00:08.277Z,14,-34,4179
,,0,2023-05-17T14:00:08.297Z,52,-38,4118
,,0,2023-05-17T14:00:08.317Z,46,-31,4146
,,0,2023-05-17T14:00:08.337Z,56,-41,4156
,,0,2023-05-17T14:00:08.357Z,40,-25,4152
,,0,2023-05-17T14:00:08.377Z,54,2,4149
,,0,2023-05-17T14:00:08.397Z,51,-43,4155
,,0,2023-05-17T14:00:08.417Z,43,-22,4187
,,0,2023-05-17T14:00:08.437Z,65,-34,4163
,,0,2023-05-17T14:00:08.457Z,45,-37,4137
,,0,2023-05-17T14:00:08.477Z,71,-30,4117
,,0,2023-05-17T14:00:08.497Z,28,-28,4155
,,0,2023-05-17T14:00:08.517Z,53,-13,4147
,,0,2023-05-17T14:00:08.537Z,49,-35,4170
,,0,2023-05-17T14:00:08.557Z,69,-28,4147
,,0,2023-05-17T14:00:08.577Z,49,-22,4195
,,0,2023-05-17T14:00:08.597Z,41,-16,4148
,,0,2023-05-17T14:00:08.617Z,64,-24,4155
,,0,2023-05-17T14:00:08.637Z,68,-27,4140
,,0,2023-05-17T14:00:08.657Z,52,-34,4158
,,0,2023-05-17T14:00:08.677Z,65,-44,4144
,,0,2023-05-17T14:00:08.697Z,45,-32,4153
,,0,2023-05-17T14:00:08.717Z,55,-43,4159
,,0,2023-05-17T14:00:08.737Z,36,-18,4144
,,0,2023-05-17T14:00:08.757Z,34,-5,4161
,,0,2023-05-17T14:00:08.777Z,37,-21,4127
,,0,2023-05-17T14:00:08.797Z,36,-14,4175
,,0,2023-05-17T14:00:08.817Z,33,-10,4124
,,0,2023-05-17T14:00:08.837Z,22,-34,4139
,,0,2023-05-17T14:00:08.857Z,43,-29,4152
,,0,2023-05-17T14:00:08.877Z,31,-6,4141
,,0,2023-05-17T14:00:08.897Z,56,-36,4154
,,0,2023-05-17T14:00:08.917Z,37,-19,4133
,,0,2023-05-17T14:00:08.937Z,38,-50,4092
,,0,2023-05-17T14:00:08.957Z,55,-22,4150
,,0,2023-05-17T14:00:08.977Z,31,-18,4159
,,0,2023-05-17T14:00:08.997Z,25,-28,4124
,,0,2023-05-17T14:00:09.017Z,40,-40,4159
,,0,2023-05-17T14:00:09.037Z,51,-31,4138
,,0,2023-05-17T14:00:09.057Z,42,-12,4147
,,0,2023-05-17T14:00:09.077Z,46,0,4128
,,0,2023-05-17T14:00:09.097Z,36,-24,4144
,,0,2023-05-17T14:00:09.117Z,26,-29,4150
,,0,2023-05-17T14:00:09.137Z,36,-18,4138
,,0,2023-05-17T14:00:09.157Z,45,-16,4152
,,0,2023-05-17T14:00:09.177Z,59,-21,4122
,,0,2023-05-17T14:00:09.197Z,50,-10,4147
,,0,2023-05-17T14:00:09.217Z,60,-20,4158
,,0,2023-05-17T14:00:09.237Z,67,-46,4115
,,0,2023-05-17T14:00:09.257Z,15,-8,4119
,,0,2023-05-17T14:00:09.277Z,36,-21,4162
,,0,2023-05-17T14:00:09.297Z,54,-22,4150
,,0,2023-05-17T14:00:09.317Z,47,-24,4128
,,0,2023-05-17T14:00:09.337Z,41,-27,4154
,,0,2023-05-17T14:00:09.357Z,46,-35,4130
,,0,2023-05-17T14:00:09.377Z,37,-11,4154
,,0,2023-05-17T14:00:09.397Z,27,-36,4145
,,0,2023-05-17T14:00:09.417Z,54,-17,4145
,,0,2023-05-17T14:00:09.437Z,46,-14,4147
,,0,2023-05-17T14:00:09.457Z,32,-29,4148
,,0,2023-05-17T14:00:09.477Z,39,-1,4163
,,0,2023-05-17T14:00:09.497Z,58,-3,4139
,,0,2023-05-17T14:00:09.517Z,71,-22,4132
,,0,2023-05-17T14:00:09.537Z,73,-29,4152
,,0,2023-05-17T14:00:09.557Z,43,-27,4127
,,0,2023-05-17T14:00:09.577Z,26,-39,4156
,,0,2023-05-17T14:00:09.597Z,10,-16,4137
,,0,2023-05-17T14:00:09.617Z,52,-16,4138
,,0,2023-05-17T14:00:09.637Z,56,-9,4172
,,0,2023-05-17T14:00:09.657Z,42,-32,4153
,,0,2023-05-17T14:00:09.677Z,58,-1,4130
,,0,2023-05-17T14:00:09.697Z,54,-22,4159
,,0,2023-05-17T14:00:09.717Z,47,-15,4147
,,0,2023-05-17T14:00:09.737Z,30,-23,4134
,,0,2023-05-17T14:00:09.757Z,20,-14,4168
,,0,2023-05-17T14:00:09.777Z,59,-45,4153
,,0,2023-05-17T14:00:09.797Z,61,-21,4153
,,0,2023-05-17T14:00:09.817Z,49,1,4145
,,0,2023-05-17T14:00:09.837Z,49,-16,4139
,,0,2023-05-17T14:00:09.857Z,54,-27,4134
,,0,2023-05-17T14:00:09.877Z,46,-37,4147
,,0,2023-05-17T14:00:09.897Z,69,-22,4127
,,0,2023-05-17T14:00:09.917Z,38,-27,4146
,,0,2023-05-17T14:00:09.937Z,49,-26,4142
,,0,2023-05-17T14:00:09.957Z,59,-16,4166
,,0,2023-05-17T14:00:09.977Z,46,-19,4141
,,0,2023-05-17T14:00:09.997Z,44,-22,4131
,,0,2023-05-17T14:00:10.017Z,47,-23,4115
,,0,2023-05-17T14:00:10.037Z,40,-13,4162
,,0,2023-05-17T14:00:10.057Z,53,-10,4130
,,0,2023-05-17T14:00:10.077Z,55,-13,4181
,,0,2023-05-17T14:00:10.097Z,26,-5,4161
,,0,2023-05-17T14:00:10.117Z,52,-19,4144
,,0,2023-05-17T14:00:10.137Z,63,-17,4124
,,0,2023-05-17T14:00:10.157Z,50,-23,4162
,,0,2023-05-17T14:00:10.177Z,44,-22,4153
,,0,2023-05-17T14:00:10.197Z,47,-25,4131
,,0,2023-05-17T14:00:10.217Z,38,-9,4149
,,0,2023-05-17T14:00:10.237Z,57,-36,4180
,,0,2023-05-17T14:00:10.257Z,44,-28,4172
,,0,2023-05-17T14:00:10.277Z,56,-9,4166
,,0,2023-05-17T14:00:10.297Z,53,-18,4129
,,0,2023-05-17T14:00:10.317Z,49,-31,4162
,,0,2023-05-17T14:00:10.337Z,63,-30,4105
,,0,2023-05-17T14:00:10.357Z,36,-31,4121
,,0,2023-05-17T14:00:10.377Z,43,-14,4161
,,0,2023-05-17T14:00:10.397Z,73,-13,4155
,,0,2023-05-17T14:00:10.417Z,21,-16,4128
,,0,2023-05-17T14:00:10.437Z,39,-21,4155
,,0,2023-05-17T14:00:10.457Z,65,-36,4138
,,0,2023-05-17T14:00:10.477Z,54,-7,4161
,,0,2023-05-17T14:00:10.497Z,49,-25,4122
,,0,2023-05-17T14:00:10.517Z,30,-19,4138
,,0,2023-05-17T14:00:10.537Z,40,-3,4126
,,0,2023-05-17T14:00:10.557Z,44,-41,4134
,,0,2023-05-17T14:00:10.577Z,59,-23,4131
,,0,2023-05-17T14:00:10.597Z,33,-16,4122
,,0,2023-05-17T14:00:10.617Z,38,-40,4170
,,0,2023-05-17T14:00:10.637Z,21,-38,4123
,,0,2023-05-17T14:00:10.657Z,35,-16,4151
,,0,2023-05-17T14:00:10.677Z,35,-26,4156
,,0,2023-05-17T14:00:10.697Z,57,-5,4127
,,0,2023-05-17T14:00:10.717Z,52,-2,4132
,,0,2023-05-17T14:00:10.737Z,34,-26,4142
,,0,2023-05-17T14:00:10.757Z,53,-67,4137
,,0,2023-05-17T14:00:10.777Z,43,-1,4155
,,0,2023-05-17T14:00:10.797Z,36,-26,4171
,,0,2023-05-17T14:00:10.817Z,37,-20,4180
,,0,2023-05-17T14:00:10.837Z,43,1,4180
,,0,2023-05-17T14:00:10.857Z,39,-27,4165
,,0,2023-05-17T14:00:10.877Z,58,-16,4136
,,0,2023-05-17T14:00:10.897Z,30,-35,4125
,,0,2023-05-17T14:00:10.917Z,34,-17,4167
,,0,2023-05-17T14:00:10.937Z,64,-22,4109
,,0,2023-05-17T14:00:10.957Z,55,-30,4146
,,0,2023-05-17T14:00:10.977Z,73,-14,4149
,,0,2023-05-17T14:00:10.997Z,51,-33,4115
,,0,2023-05-17T14:00:11.017Z,55,-17,4163
,,0,2023-05-17T14:00:11.037Z,42,-18,4147
,,0,2023-05-17T14:00:11.057Z,25,-47,4136
,,0,2023-05-17T14:00:11.077Z,33,-18,4161
,,0,2023-05-17T14:00:11.097Z,50,-17,4138
,,0,2023-05-17T14:00:11.117Z,45,-25,4144
,,0,2023-05-17T14:00:11.137Z,37,-50,4173
,,0,2023-05-17T14:00:11.157Z,70,-38,4132
,,0,2023-05-17T14:00:11.177Z,38,-17,4170
,,0,2023-05-17T14:00:11.197Z,27,-17,4154
,,0,2023-05-17T14:00:11.217Z,37,-27,4102
,,0,2023-05-17T14:00:11.237Z,43,-29,4122
,,0,2023-05-17T14:00:11.257Z,45,-39,4148
,,0,2023-05-17T14:00:11.277Z,58,-9,4155
,,0,2023-05-17T14:00:11.297Z,49,-14,4169
,,0,2023-05-17T14:00:11.317Z,41,-40,4145
,,0,2023-05-17T14:00:11.337Z,59,-23,4170
,,0,2023-05-17T14:00:11.357Z,44,-24,4192
,,0,2023-05-17T14:00:11.377Z,45,-25,4156
,,0,2023-05-17T14:00:11.397Z,45,-41,4141
,,0,2023-05-17T14:00:11.417Z,40,-27,4163
,,0,2023-05-17T14:00:11.437Z,35,-27,4185
,,0,2023-05-17T14:00:11.457Z,49,-17,4160
,,0,2023-05-17T14:00:11.477Z,69,-15,4148
,,0,2023-05-17T14:00:11.497Z,36,-39,4168
,,0,2023-05-17T14:00:11.517Z,53,-36,4135
,,0,2023-05-17T14:00:11.537Z,45,-18,4151
,,0,2023-05-17T14:00:11.557Z,50,-30,4136
,,0,2023-05-17T14:00:11.577Z,45,-16,4131
,,0,2023-05-17T14:00:11.597Z,59,-41,4171
,,0,2023-05-17T14:00:11.617Z,61,-36,4140
,,0,2023-05-17T14:00:11.637Z,55,-34,4189
,,0,2023-05-17T14:00:11.657Z,70,-28,4151
,,0,2023-05-17T14:00:11.677Z,56,-33,4128
,,0,2023-05-17T14:00:11.697Z,26,-30,4140
,,0,2023-05-17T14:00:11.717Z,85,-39,4159
,,0,2023-05-17T14:00:11.737Z,46,-22,4147
,,0,2023-05-17T14:00:11.757Z,81,-35,4148
,,0,2023-05-17T14:00:11.777Z,52,-28,4156
,,0,2023-05-17T14:00:11.797Z,55,-22,4147
,,0,2023-05-17T14:00:11.817Z,60,-22,4133
,,0,2023-05-17T14:00:11.837Z,43,-24,4149
,,0,2023-05-17T14:00:11.857Z,30,-24,4145
,,0,2023-05-17T14:00:11.877Z,51,-17,4183
,,0,2023-05-17T14:00:11.897Z,66,-25,4117
,,0,2023-05-17T14:00:11.917Z,61,-16,4155
,,0,2023-05-17T14:00:11.937Z,53,-21,4133
,,0,2023-05-17T14:00:11.957Z,48,-39,4163
,,0,2023-05-17T14:00:11.977Z,35,-36,4153
,,0,2023-05-17T14:00:11.997Z,13,-8,4165
,,0,2023-05-17T14:00:12.017Z,61,-11,4172
,,0,2023-05-17T14:00:12.037Z,55,-35,4165
,,0,2023-05-17T14:00:12.057Z,37,-17,4144
,,0,2023-05-17T14:00:12.077Z,60,-29,4128
,,0,2023-05-17T14:00:12.097Z,38,-32,4168
,,0,2023-05-17T14:00:12.117Z,37,-34,4125
,,0,2023-05-17T14:00:12.137Z,51,-33,4164
,,0,2023-05-17T14:00:12.157Z,42,-23,4163
,,0,2023-05-17T14:00:12.177Z,20,-35,4116
,,0,2023-05-17T14:00:12.197Z,33,-28,4162
,,0,2023-05-17T14:00:12.217Z,42,-14,4114
,,0,2023-05-17T14:00:12.237Z,28,-27,4155
,,0,2023-05-17T14:00:12.257Z,49,-32,4138
,,0,2023-05-17T14:00:12.277Z,46,-16,4122
,,0,2023-05-17T14:00:12.297Z,74,-41,4135
,,0,2023-05-17T14:00:12.317Z,31,-19,4160
,,0,2023-05-17T14:00:12.337Z,32,-20,4139
,,0,2023-05-17T14:00:12.357Z,68,-31,4165
,,0,2023-05-17T14:00:12.377Z,48,-21,4142
,,0,2023-05-17T14:00:12.397Z,64,-25,4155
,,0,2023-05-17T14:00:12.417Z,56,-29,4187
,,0,2023-05-17T14:00:12.437Z,62,-22,4137
,,0,2023-05-17T14:00:12.457Z,63,-22,4185
,,0,2023-05-17T14:00:12.477Z,52,-28,4161
,,0,2023-05-17T14:00:12.497Z,15,-31,4148
,,0,2023-05-17T14:00:12.517Z,34,-41,4099
,,0,2023-05-17T14:00:12.537Z,50,-44,4131
,,0,2023-05-17T14:00:12.557Z,55,-31,4144
,,0,2023-05-17T14:00:12.577Z,62,-36,4119
,,0,2023-05-17T14:00:12.597Z,46,-19,4149
,,0,2023-05-17T14:00:12.617Z,30,-39,4200
,,0,2023-05-17T14:00:12.637Z,18,-34,4165
,,0,2023-05-17T14:00:12.657Z,61,-6,4144
,,0,2023-05-17T14:00:12.677Z,45,-15,4140
,,0,2023-05-17T14:00:12.697Z,52,-36,4129
,,0,2023-05-17T14:00:12.717Z,40,-19,4165
,,0,2023-05-17T14:00:12.737Z,51,-27,4147
,,0,2023-05-17T14:00:12.757Z,54,-27,4153
,,0,2023-05-17T14:00:12.777Z,15,-22,4155
,,0,2023-05-17T14:00:12.797Z,40,-18,4120
,,0,2023-05-17T14:00:12.817Z,38,-17,4160
,,0,2023-05-17T14:00:12.837Z,53,-5,4152
,,0,2023-05-17T14:00:12.857Z,37,-27,4142
,,0,2023-05-17T14:00:12.877Z,18,-8,4144
,,0,2023-05-17T14:00:12.897Z,51,-33,4149
,,0,2023-05-17T14:00:12.917Z,23,-32,4155
,,0,2023-05-17T14:00:12.937Z,50,-23,4143
,,0,2023-05-17T14:00:12.957Z,49,-25,4142
,,0,2023-05-17T14:00:12.977Z,56,-33,4122
,,0,2023-05-17T14:00:12.997Z,52,-34,4194
,,0,2023-05-17T14:00:13.017Z,72,-21,4150
,,0,2023-05-17T14:00:13.037Z,15,-40,4134
,,0,2023-05-17T14:00:13.057Z,40,-36,4186
,,0,2023-05-17T14:00:13.077Z,24,-60,4139
,,0,2023-05-17T14:00:13.097Z,27,-30,4123
,,0,2023-05-17T14:00:13.117Z,67,-37,4151
,,0,2023-05-17T14:00:13.137Z,55,-26,4140
,,0,2023-05-17T14:00:13.157Z,58,-18,4133
,,0,2023-05-17T14:00:13.177Z,24,-16,4110
,,0,2023-05-17T14:00:13.197Z,36,-26,4161
,,0,2023-05-17T14:00:13.217Z,49,-38,4121
,,0,2023-05-17T14:00:13.237Z,64,-31,4146
,,0,2023-05-17T14:00:13.257Z,41,-8,4136
,,0,2023-05-17T14:00:13.277Z,49,-13,4152
,,0,2023-05-17T14:00:13.297Z,55,-12,4140
,,0,2023-05-17T14:00:13.317Z,49,-47,4111
,,0,2023-05-17T14:00:13.337Z,50,-20,4163
,,0,2023-05-17T14:00:13.357Z,52,-36,4128
,,0,2023-05-17T14:00:13.377Z,45,-40,4144
,,0,2023-05-17T14:00:13.397Z,52,-30,4155
,,0,2023-05-17T14:00:13.417Z,40,-22,4152
,,0,2023-05-17T14:00:13.437Z,62,-33,4155
,,0,2023-05-17T14:00:13.457Z,40,-17,4163
,,0,2023-05-17T14:00:13.477Z,44,-19,4140
,,0,2023-05-17T14:00:13.497Z,39,-17,4131
,,0,2023-05-17T14:00:13.517Z,68,-15,4124
,,0,2023-05-17T14:00:13.537Z,46,-12,4153
,,0,2023-05-17T14:00:13.557Z,75,-22,4158
,,0,2023-05-17T14:00:13.577Z,55,-27,4154
,,0,2023-05-17T14:00:13.597Z,55,-2,4144
,,0,2023-05-17T14:00:13.617Z,37,-37,4136
,,0,2023-05-17T14:00:13.637Z,59,-31,4155
,,0,2023-05-17T14:00:13.657Z,33,-19,4142
,,0,2023-05-17T14:00:13.677Z,30,-26,4158
,,0,2023-05-17T14:00:13.697Z,34,-9,4146
,,0,2023-05-17T14:00:13.717Z,26,-40,4151
,,0,2023-05-17T14:00:13.737Z,54,-18,4134
,,0,2023-05-17T14:00:13.757Z,56,-8,4163
,,0,2023-05-17T14:00:13.777Z,43,-9,4134
,,0,2023-05-17T14:00:13.797Z,34,-37,4161
,,0,2023-05-17T14:00:13.817Z,77,-16,4151
,,0,2023-05-17T14:00:13.837Z,53,-27,4170
,,0,2023-05-17T14:00:13.857Z,40,-26,4151
,,0,2023-05-17T14:00:13.877Z,40,-3,4168
,,0,2023-05-17T14:00:13.897Z,58,-20,4166
,,0,2023-05-17T14:00:13.917Z,38,-38,4114
,,0,2023-05-17T14:00:13.937Z,30,-36,4146
,,0,2023-05-17T14:00:13.957Z,61,-52,4177
,,0,2023-05-17T14:00:13.977Z,51,-24,4128
,,0,2023-05-17T14:00:13.997Z,64,-21,4139
,,0,2023-05-17T14:00:14.017Z,18,-29,4152
,,0,2023-05-17T14:00:14.037Z,37,-43,4119
,,0,2023-05-17T14:00:14.057Z,73,-36,4151
,,0,2023-05-17T14:00:14.077Z,60,-3,4154
,,0,2023-05-17T14:00:14.097Z,49,-32,4117
,,0,2023-05-17T14:00:14.117Z,50,-23,4122
,,0,2023-05-17T14:00:14.137Z,47,1,4159
,,0,2023-05-17T14:00:14.157Z,31,-15,4115
,,0,2023-05-17T14:00:14.177Z,63,-34,4161
,,0,2023-05-17T14:00:14.197Z,46,-34,4142
,,0,2023-05-17T14:00:14.217Z,68,-18,4140
,,0,2023-05-17T14:00:14.237Z,30,-15,4130
,,0,2023-05-17T14:00:14.257Z,49,-10,4126
,,0,2023-05-17T14:00:14.277Z,58,-21,4150
,,0,2023-05-17T14:00:14.297Z,47,-39,4156
,,0,2023-05-17T14:00:14.317Z,48,-5,4172
,,0,2023-05-17T14:00:14.337Z,36,-16,4147
,,0,2023-05-17T14:00:14.357Z,30,-32,4154
,,0,2023-05-17T14:00:14.377Z,37,-39,4134
,,0,2023-05-17T14:00:14.397Z,66,-50,4131
,,0,2023-05-17T14:00:14.417Z,42,-23,4192
,,0,2023-05-17T14:00:14.437Z,48,-11,4151
,,0,2023-05-17T14:00:14.457Z,73,-24,4148
,,0,2023-05-17T14:00:14.477Z,46,-19,4142
,,0,2023-05-17T14:00:14.497Z,58,-25,4119
,,0,2023-05-17T14:00:14.517Z,46,-10,4141
,,0,2023-05-17T14:00:14.537Z,23,-33,4163
,,0,2023-05-17T14:00:14.557Z,34,-37,4142
,,0,2023-05-17T14:00:14.577Z,60,-21,4142
,,0,2023-05-17T14:00:14.597Z,32,5,4154
,,0,2023-05-17T14:00:14.617Z,35,-46,4154
,,0,2023-05-17T14:00:14.637Z,68,-3,4137
,,0,2023-05-17T14:00:14.657Z,46,-27,4159
,,0,2023-05-17T14:00:14.677Z,39,-26,4156
,,0,2023-05-17T14:00:14.697Z,32,-22,4119
,,0,2023-05-17T14:00:14.717Z,51,2,4150
,,0,2023-05-17T14:00:14.737Z,42,-20,4173
,,0,2023-05-17T14:00:14.757Z,36,-37,4149
,,0,2023-05-17T14:00:14.777Z,56,-30,4182
,,0,2023-05-17T14:00:14.797Z,45,-12,4144
,,0,2023-05-17T14:00:14.817Z,39,-47,4166
,,0,2023-05-17T14:00:14.837Z,35,-15,4156
,,0,2023-05-17T14:00:14.857Z,31,-30,4145
,,0,2023-05-17T14:00:14.877Z,45,-43,4170
,,0,2023-05-17T14:00:14.897Z,44,-4,4108
,,0,2023-05-17T14:00:14.917Z,50,-39,4156
,,0,2023-05-17T14:00:14.937Z,39,-25,4161
,,0,2023-05-17T14:00:14.957Z,31,-40,4183
,,0,2023-05-17T14:00:14.977Z,52,-39,4116
,,0,2023-05-17T14:00:14.997Z,25,-33,4134
,,0,2023-05-17T14:00:15.017Z,47,-8,4153
,,0,2023-05-17T14:00:15.037Z,55,-12,4130
,,0,2023-05-17T14:00:15.057Z,76,-15,4146
,,0,2023-05-17T14:00:15.077Z,15,-24,4159
,,0,2023-05-17T14:00:15.097Z,53,-38,4168
,,0,2023-05-17T14:00:15.117Z,47,-30,4135
,,0,2023-05-17T14:00:15.137Z,42,-59,4144
,,0,2023-05-17T14:00:15.157Z,58,2,4159
,,0,2023-05-17T14:00:15.177Z,36,-16,4179
,,0,2023-05-17T14:00:15.197Z,35,-11,4121
,,0,2023-05-17T14:00:15.217Z,40,-45,4176
,,0,2023-05-17T14:00:15.237Z,44,-34,4158
,,0,2023-05-17T14:00:15.257Z,35,-24,4120
,,0,2023-05-17T14:00:15.277Z,62,-36,4181
,,0,2023-05-17T14:00:15.297Z,51,-35,4117
,,0,2023-05-17T14:00:15.317Z,42,-27,4157
,,0,2023-05-17T14:00:15.337Z,25,-28,4158
,,0,2023-05-17T14:00:15.357Z,59,-28,4149
,,0,2023-05-17T14:00:15.377Z,36,-16,4149
,,0,2023-05-17T14:00:15.397Z,59,-37,4136
,,0,2023-05-17T14:00:15.417Z,40,-42,4129
,,0,2023-05-17T14:00:15.437Z,53,-38,4119
,,0,2023-05-17T14:00:15.457Z,59,-27,4138
,,0,2023-05-17T14:00:15.477Z,39,-40,4162
,,0,2023-05-17T14:00:15.497Z,21,-16,4185
,,0,2023-05-17T14:00:15.517Z,60,-20,4148
,,0,2023-05-17T14:00:15.537Z,47,-29,4121
,,0,2023-05-17T14:00:15.557Z,27,-13,4142
,,0,2023-05-17T14:00:15.577Z,47,-22,4175
,,0,2023-05-17T14:00:15.597Z,55,-34,4172
,,0,2023-05-17T14:00:15.617Z,56,-28,4156
,,0,2023-05-17T14:00:15.637Z,37,-24,4118
,,0,2023-05-17T14:00:15.657Z,55,-29,4144
,,0,2023-05-17T14:00:15.677Z,49,-19,4132
,,0,2023-05-17T14:00:15.697Z,38,-20,4113
,,0,2023-05-17T14:00:15.717Z,24,-54,4111
,,0,2023-05-17T14:00:15.737Z,37,-16,4149
,,0,2023-05-17T14:00:15.757Z,59,-19,4156
,,0,2023-05-17T14:00:15.777Z,41,-29,4119
,,0,2023-05-17T14:00:15.797Z,32,-48,4156
,,0,2023-05-17T14:00:15.817Z,52,-20,4162
,,0,2023-05-17T14:00:15.837Z,45,-34,4147
,,0,2023-05-17T14:00:15.857Z,36,-22,4172
,,0,2023-05-17T14:00:15.877Z,59,-27,4161
,,0,2023-05-17T14:00:15.897Z,64,-49,4163
,,0,2023-05-17T14:00:15.917Z,32,-22,4125
,,0,2023-05-17T14:00:15.937Z,34,-63,4151
,,0,2023-05-17T14:00:15.957Z,45,-27,4160
,,0,2023-05-17T14:00:15.977Z,42,-30,4106
,,0,2023-05-17T14:00:15.997Z,49,-20,4124
,,0,2023-05-17T14:00:16.017Z,18,-25,4159
,,0,2023-05-17T14:00:16.037Z,59,-12,4138
,,0,2023-05-17T14:00:16.057Z,62,-22,4127
,,0,2023-05-17T14:00:16.077Z,28,-45,4160
,,0,2023-05-17T14:00:16.097Z,55,-29,4122
,,0,2023-05-17T14:00:16.117Z,74,-24,4154
,,0,2023-05-17T14:00:16.137Z,54,-31,4173
,,0,2023-05-17T14:00:16.157Z,48,-18,4138
,,0,2023-05-17T14:00:16.177Z,64,-26,4128
,,0,2023-05-17T14:00:16.197Z,43,-14,4139
,,0,2023-05-17T14:00:16.217Z,49,-29,4168
,,0,2023-05-17T14:00:16.237Z,67,-40,4110
,,0,2023-05-17T14:00:16.257Z,41,-26,4161
,,0,2023-05-17T14:00:16.277Z,27,-53,4162
,,0,2023-05-17T14:00:16.297Z,49,-15,4127
,,0,2023-05-17T14:00:16.317Z,28,-15,4130
,,0,2023-05-17T14:00:16.337Z,46,-25,4129
,,0,2023-05-17T14:00:16.357Z,33,-12,4167
,,0,2023-05-17T14:00:16.377Z,58,-3,4169
,,0,2023-05-17T14:00:16.397Z,35,-12,4150
,,0,2023-05-17T14:00:16.417Z,42,-49,4172
,,0,2023-05-17T14:00:16.437Z,58,-44,4066
,,0,2023-05-17T14:00:16.457Z,36,-28,4146
,,0,2023-05-17T14:00:16.477Z,39,-31,4115
,,0,2023-05-17T14:00:16.497Z,47,-26,4161
,,0,2023-05-17T14:00:16.517Z,69,-45,4175
,,0,2023-05-17T14:00:16.537Z,54,-26,4174
,,0,2023-05-17T14:00:16.557Z,66,-32,4137
,,0,2023-05-17T14:00:16.577Z,30,-1,4194
,,0,2023-05-17T14:00:16.597Z,50,-19,4182
,,0,2023-05-17T14:00:16.617Z,58,-30,4154
,,0,2023-05-17T14:00:16.637Z,57,-12,4152
,,0,2023-05-17T14:00:16.657Z,37,-24,4202
,,0,2023-05-17T14:00:16.677Z,42,-24,4145
,,0,2023-05-17T14:00:16.697Z,47,-53,4187
,,0,2023-05-17T14:00:16.717Z,55,-39,4119
,,0,2023-05-17T14:00:16.737Z,38,-27,4114
,,0,2023-05-17T14:00:16.757Z,49,-20,4153
,,0,2023-05-17T14:00:16.777Z,30,-30,4162
,,0,2023-05-17T14:00:16.797Z,49,-21,4149
,,0,2023-05-17T14:00:16.817Z,36,-38,4153
,,0,2023-05-17T14:00:16.837Z,57,-41,4141
,,0,2023-05-17T14:00:16.857Z,36,-23,4125
,,0,2023-05-17T14:00:16.877Z,39,-15,4129
,,0,2023-05-17T14:00:16.897Z,43,-39,4160
,,0,2023-05-17T14:00:16.917Z,37,-13,4137
,,0,2023-05-17T14:00:16.937Z,58,-14,4125
,,0,2023-05-17T14:00:16.957Z,58,-31,4179
,,0,2023-05-17T14:00:16.977Z,60,-32,4155
,,0,2023-05-17T14:00:16.997Z,64,-19,4130
,,0,2023-05-17T14:00:17.017Z,58,-28,4162
,,0,2023-05-17T14:00:17.037Z,56,-30,4143
,,0,2023-05-17T14:00:17.057Z,58,-23,4101
,,0,2023-05-17T14:00:17.077Z,58,-20,4144
,,0,2023-05-17T14:00:17.097Z,53,-3,4160
,,0,2023-05-17T14:00:17.117Z,43,-44,4194
,,0,2023-05-17T14:00:17.137Z,45,-14,4121
,,0,2023-05-17T14:00:17.157Z,44,-32,4162
,,0,2023-05-17T14:00:17.177Z,62,-23,4151
,,0,2023-05-17T14:00:17.197Z,15,-17,4143
,,0,2023-05-17T14:00:17.217Z,49,-17,4111
,,0,2023-05-17T14:00:17.237Z,61,-38,4177
,,0,2023-05-17T14:00:17.257Z,66,-19,4150
,,0,2023-05-17T14:00:17.277Z,46,-15,4099
,,0,2023-05-17T14:00:17.297Z,30,-39,4126
,,0,2023-05-17T14:00:17.317Z,40,-39,4170
,,0,2023-05-17T14:00:17.337Z,40,-31,4176
,,0,2023-05-17T14:00:17.357Z,19,-42,4161
,,0,2023-05-17T14:00:17.377Z,64,-29,4147
,,0,2023-05-17T14:00:17.397Z,59,-30,4149
,,0,2023-05-17T14:00:17.417Z,45,-27,4180
,,0,2023-05-17T14:00:17.437Z,39,-25,4162
,,0,2023-05-17T14:00:17.457Z,43,-31,4138
,,0,2023-05-17T14:00:17.477Z,36,-17,4126
,,0,2023-05-17T14:00:17.497Z,64,-6,4150
,,0,2023-05-17T14:00:17.517Z,39,-30,4152
,,0,2023-05-17T14:00:17.537Z,75,-19,4158
,,0,2023-05-17T14:00:17.557Z,40,-32,4152
,,0,2023-05-17T14:00:17.577Z,48,-41,4127
,,0,2023-05-17T14:00:17.597Z,34,-20,4154
,,0,2023-05-17T14:00:17.617Z,47,-22,4169
,,0,2023-05-17T14:00:17.637Z,52,-16,4165
,,0,2023-05-17T14:00:17.657Z,40,-27,4151
,,0,2023-05-17T14:00:17.677Z,73,-21,4146
,,0,2023-05-17T14:00:17.697Z,27,-40,4149
,,0,2023-05-17T14:00:17.717Z,53,-30,4150
,,0,2023-05-17T14:00:17.737Z,56,-49,4162
,,0,2023-05-17T14:00:17.757Z,57,-33,4121
,,0,2023-05-17T14:00:17.777Z,46,-32,4119
,,0,2023-05-17T14:00:17.797Z,39,-28,4161
,,0,2023-05-17T14:00:17.817Z,23,-26,4158
,,0,2023-05-17T14:00:17.837Z,38,-9,4165
,,0,2023-05-17T14:00:17.857Z,35,-26,4130
,,0,2023-05-17T14:00:17.877Z,32,-19,4152
,,0,2023-05-17T14:00:17.897Z,52,-24,4142
,,0,2023-05-17T14:00:17.917Z,43,-9,4122
,,0,2023-05-17T14:00:17.937Z,68,-6,4141
,,0,2023-05-17T14:00:17.957Z,48,-39,4142
,,0,2023-05-17T14:00:17.977Z,27,-37,4145
,,0,2023-05-17T14:00:17.997Z,38,-11,4149
,,0,2023-05-17T14:00:18.017Z,42,-36,4138
,,0,2023-05-17T14:00:18.037Z,61,-22,4157
,,0,2023-05-17T14:00:18.057Z,60,-41,4129
,,0,2023-05-17T14:00:18.077Z,51,-22,4162
,,0,2023-05-17T14:00:18.097Z,33,-21,4145
,,0,2023-05-17T14:00:18.117Z,15,-30,4145
,,0,2023-05-17T14:00:18.137Z,34,-28,4155
,,0,2023-05-17T14:00:18.157Z,30,-24,4165
,,0,2023-05-17T14:00:18.177Z,67,-34,4174
,,0,2023-05-17T14:00:18.197Z,62,-32,4128
,,0,2023-05-17T14:00:18.217Z,30,-27,4179
,,0,2023-05-17T14:00:18.237Z,34,-27,4187
,,0,2023-05-17T14:00:18.257Z,43,-42,4163
,,0,2023-05-17T14:00:18.277Z,48,-23,4144
,,0,2023-05-17T14:00:18.297Z,34,-26,4158
,,0,2023-05-17T14:00:18.317Z,38,-27,4149
,,0,2023-05-17T14:00:18.337Z,53,-37,4149
,,0,2023-05-17T14:00:18.357Z,52,-24,4164
,,0,2023-05-17T14:00:18.377Z,52,-14,4139
,,0,2023-05-17T14:00:18.397Z,63,-43,4178
,,0,2023-05-17T14:00:18.417Z,53,-43,4158
,,0,2023-05-17T14:00:18.437Z,45,-10,4118
,,0,2023-05-17T14:00:18.457Z,57,-34,4132
,,0,2023-05-17T14:00:18.477Z,64,-23,4132
,,0,2023-05-17T14:00:18.497Z,53,-23,4124
,,0,2023-05-17T14:00:18.517Z,40,-21,4157
,,0,2023-05-17T14:00:18.537Z,61,-11,4134
,,0,2023-05-17T14:00:18.557Z,36,-23,4142
,,0,2023-05-17T14:00:18.577Z,64,-24,4091
,,0,2023-05-17T14:00:18.597Z,34,-24,4139
,,0,2023-05-17T14:00:18.617Z,28,-24,4152
,,0,2023-05-17T14:00:18.637Z,32,-43,4132
,,0,2023-05-17T14:00:18.657Z,36,-22,4155
,,0,2023-05-17T14:00:18.677Z,64,-29,4133
,,0,2023-05-17T14:00:18.697Z,50,-15,4164
,,0,2023-05-17T14:00:18.717Z,48,-31,4145
,,0,2023-05-17T14:00:18.737Z,43,-29,4109
,,0,2023-05-17T14:00:18.757Z,30,-24,4163
,,0,2023-05-17T14:00:18.777Z,40,-25,4144
,,0,2023-05-17T14:00:18.797Z,52,-21,4130
,,0,2023-05-17T14:00:18.817Z,27,-30,4153
,,0,2023-05-17T14:00:18.837Z,20,-37,4152
,,0,2023-05-17T14:00:18.857Z,49,-17,4144
,,0,2023-05-17T14:00:18.877Z,48,5,4165
,,0,2023-05-17T14:00:18.897Z,50,-15,4125
,,0,2023-05-17T14:00:18.917Z,44,-17,4108
,,0,2023-05-17T14:00:18.937Z,45,-24,4127
,,0,2023-05-17T14:00:18.957Z,61,-44,4114
,,0,2023-05-17T14:00:18.977Z,19,-24,4161
,,0,2023-05-17T14:00:18.997Z,47,-26,4140
,,0,2023-05-17T14:00:19.017Z,42,-6,4136
,,0,2023-05-17T14:00:19.037Z,55,-17,4182
,,0,2023-05-17T14:00:19.057Z,77,-29,4129
,,0,2023-05-17T14:00:19.077Z,33,-43,4121
,,0,2023-05-17T14:00:19.097Z,67,-23,4093
,,0,2023-05-17T14:00:19.117Z,59,-31,4119
,,0,2023-05-17T14:00:19.137Z,54,-22,4120
,,0,2023-05-17T14:00:19.157Z,57,-11,4132
,,0,2023-05-17T14:00:19.177Z,47,-42,4162
,,0,2023-05-17T14:00:19.197Z,42,-29,4145
,,0,2023-05-17T14:00:19.217Z,50,-13,4158
,,0,2023-05-17T14:00:19.237Z,64,-11,4132
,,0,2023-05-17T14:00:19.257Z,50,-35,4183
,,0,2023-05-17T14:00:19.277Z,40,-19,4145
,,0,2023-05-17T14:00:19.297Z,58,-27,4151
,,0,2023-05-17T14:00:19.317Z,33,-24,4147
,,0,2023-05-17T14:00:19.337Z,65,-24,4143
,,0,2023-05-17T14:00:19.357Z,57,-30,4154
,,0,2023-05-17T14:00:19.377Z,38,-9,4147
,,0,2023-05-17T14:00:19.397Z,55,-32,4200
,,0,2023-05-17T14:00:19.417Z,50,-34,4157
,,0,2023-05-17T14:00:19.437Z,36,-31,4136
,,0,2023-05-17T14:00:19.457Z,45,-26,4098
,,0,2023-05-17T14:00:19.477Z,49,-30,4130
,,0,2023-05-17T14:00:19.497Z,69,-27,4155
,,0,2023-05-17T14:00:19.517Z,68,-23,4142
,,0,2023-05-17T14:00:19.537Z,58,-22,4117
,,0,2023-05-17T14:00:19.557Z,53,-23,4136
,,0,2023-05-17T14:00:19.577Z,51,-30,4149
,,0,2023-05-17T14:00:19.597Z,72,-32,4142
,,0,2023-05-17T14:00:19.617Z,36,-19,4157
,,0,2023-05-17T14:00:19.637Z,20,-41,4148
,,0,2023-05-17T14:00:19.657Z,46,-15,4121
,,0,2023-05-17T14:00:19.677Z,53,-42,4145
,,0,2023-05-17T14:00:19.697Z,58,-43,4129
,,0,2023-05-17T14:00:19.717Z,44,-23,4169
,,0,2023-05-17T14:00:19.737Z,66,-44,4159
,,0,2023-05-17T14:00:19.757Z,67,-41,4123
,,0,2023-05-17T14:00:19.777Z,61,-31,4109
,,0,2023-05-17T14:00:19.797Z,46,-48,4127
,,0,2023-05-17T14:00:19.817Z,61,-12,4132
,,0,2023-05-17T14:00:19.837Z,22,-19,4162
,,0,2023-05-17T14:00:19.857Z,42,-24,4173
,,0,2023-05-17T14:00:19.877Z,36,-32,4128
,,0,2023-05-17T14:00:19.897Z,65,-57,4112
,,0,2023-05-17T14:00:19.917Z,51,-22,4158
,,0,2023-05-17T14:00:19.937Z,53,-31,4114
,,0,2023-05-17T14:00:19.957Z,40,-44,4121
,,0,2023-05-17T14:00:19.977Z,33,-40,4100
,,0,2023-05-17T14:00:19.997Z,61,-19,4161
,,0,2023-05-17T14:00:20.017Z,64,-33,4145
,,0,2023-05-17T14:00:20.037Z,35,-32,4145
,,0,2023-05-17T14:00:20.057Z,65,-20,4181
,,0,2023-05-17T14:00:20.077Z,46,-24,4148
,,0,2023-05-17T14:00:20.097Z,44,-38,4115
,,0,2023-05-17T14:00:20.117Z,49,-24,4146
,,0,2023-05-17T14:00:20.137Z,27,-23,4132
,,0,2023-05-17T14:00:20.157Z,66,-12,4160
,,0,2023-05-17T14:00:20.177Z,52,-33,4137
,,0,2023-05-17T14:00:20.197Z,75,-23,4166
,,0,2023-05-17T14:00:20.217Z,51,-29,4118
,,0,2023-05-17T14:00:20.237Z,55,-45,4145
,,0,2023-05-17T14:00:20.257Z,51,-22,4169
,,0,2023-05-17T14:00:20.277Z,26,-32,4135
,,0,2023-05-17T14:00:20.297Z,22,-27,4139
,,0,2023-05-17T14:00:20.317Z,66,-30,4117
,,0,2023-05-17T14:00:20.337Z,51,-22,4118
,,0,2023-05-17T14:00:20.357Z,31,-14,4150
,,0,2023-05-17T14:00:20.377Z,42,-21,4170
,,0,2023-05-17T14:00:20.397Z,58,-14,4173
,,0,2023-05-17T14:00:20.417Z,55,-37,4133
,,0,2023-05-17T14:00:20.437Z,46,-19,4132
,,0,2023-05-17T14:00:20.457Z,54,-34,4165
,,0,2023-05-17T14:00:20.477Z,42,-36,4138
,,0,2023-05-17T14:00:20.497Z,57,-50,4159
,,0,2023-05-17T14:00:20.517Z,27,-37,4142
,,0,2023-05-17T14:00:20.537Z,48,-13,4101
,,0,2023-05-17T14:00:20.557Z,44,-23,4136
,,0,2023-05-17T14:00:20.577Z,57,-32,4122
,,0,2023-05-17T14:00:20.597Z,22,-24,4074
,,0,2023-05-17T14:00:20.617Z,32,-6,4154
,,0,2023-05-17T14:00:20.637Z,58,-26,4172
,,0,2023-05-17T14:00:20.657Z,52,-25,4132
,,0,2023-05-17T14:00:20.677Z,29,-34,4154
,,0,2023-05-17T14:00:20.697Z,52,2,4166
,,0,2023-05-17T14:00:20.717Z,26,-17,4141
,,0,2023-05-17T14:00:20.737Z,46,-16,4151
,,0,2023-05-17T14:00:20.757Z,65,-28,4107
,,0,2023-05-17T14:00:20.777Z,45,-12,4124
,,0,2023-05-17T14:00:20.797Z,52,-22,4195
,,0,2023-05-17T14:00:20.817Z,54,-36,4142
,,0,2023-05-17T14:00:20.837Z,45,-28,4156
,,0,2023-05-17T14:00:20.857Z,53,-32,4186
,,0,2023-05-17T14:00:20.877Z,32,8,4143
,,0,2023-05-17T14:00:20.897Z,34,-21,4151
,,0,2023-05-17T14:00:20.917Z,67,-31,4131
,,0,2023-05-17T14:00:20.937Z,43,-21,4136
,,0,2023-05-17T14:00:20.957Z,55,-7,4145
,,0,2023-05-17T14:00:20.977Z,37,-20,4136
,,0,2023-05-17T14:00:20.997Z,44,-36,4172
,,0,2023-05-17T14:00:21.017Z,14,-27,4151
,,0,2023-05-17T14:00:21.037Z,16,-26,4131
,,0,2023-05-17T14:00:21.057Z,48,-36,4166
,,0,2023-05-17T14:00:21.077Z,54,-27,4120
,,0,2023-05-17T14:00:21.097Z,43,-32,4156
,,0,2023-05-17T14:00:21.117Z,41,-9,4149
,,0,2023-05-17T14:00:21.137Z,44,-12,4192
,,0,2023-05-17T14:00:21.157Z,31,-33,4146
,,0,2023-05-17T14:00:21.177Z,29,-11,4142
,,0,2023-05-17T14:00:21.197Z,33,-10,4112
,,0,2023-05-17T14:00:21.217Z,28,-26,4157
,,0,2023-05-17T14:00:21.237Z,43,-32,4158
,,0,2023-05-17T14:00:21.257Z,62,-17,4136
,,0,2023-05-17T14:00:21.277Z,71,-39,4143
,,0,2023-05-17T14:00:21.297Z,63,-39,4137
,,0,2023-05-17T14:00:21.317Z,69,-20,4165
,,0,2023-05-17T14:00:21.337Z,27,-46,4125
,,0,2023-05-17T14:00:21.357Z,46,-17,4177
,,0,2023-05-17T14:00:21.377Z,27,-27,4141
,,0,2023-05-17T14:00:21.397Z,36,-6,4139
,,0,2023-05-17T14:00:21.417Z,48,-13,4148
,,0,2023-05-17T14:00:21.437Z,53,-15,4133
,,0,2023-05-17T14:00:21.457Z,75,-23,4131
,,0,2023-05-17T14:00:21.477Z,45,-32,4127
,,0,2023-05-17T14:00:21.497Z,44,-13,4114
,,0,2023-05-17T14:00:21.517Z,52,-22,4156
,,0,2023-05-17T14:00:21.537Z,49,-23,4146
,,0,2023-05-17T14:00:21.557Z,40,-16,4160
,,0,2023-05-17T14:00:21.577Z,59,-32,4135
,,0,2023-05-17T14:00:21.597Z,47,-9,4158
,,0,2023-05-17T14:00:21.617Z,38,-16,4139
,,0,2023-05-17T14:00:21.637Z,47,6,4126
,,0,2023-05-17T14:00:21.657Z,49,-25,4137
,,0,2023-05-17T14:00:21.677Z,47,-39,4131
,,0,2023-05-17T14:00:21.697Z,57,-31,4107
,,0,2023-05-17T14:00:21.717Z,70,-24,4165
,,0,2023-05-17T14:00:21.737Z,20,-38,4145
,,0,2023-05-17T14:00:21.757Z,45,-33,4172
,,0,2023-05-17T14:00:21.777Z,78,-8,4149
,,0,2023-05-17T14:00:21.797Z,61,-29,4109
,,0,2023-05-17T14:00:21.817Z,51,-33,4125
,,0,2023-05-17T14:00:21.837Z,36,-15,4170
,,0,2023-05-17T14:00:21.857Z,46,-27,4148
,,0,2023-05-17T14:00:21.877Z,33,-19,4135
,,0,2023-05-17T14:00:21.897Z,44,-28,4140
,,0,2023-05-17T14:00:21.917Z,43,-10,4131
,,0,2023-05-17T14:00:21.937Z,36,-23,4169
,,0,2023-05-17T14:00:21.957Z,51,-32,4151
,,0,2023-05-17T14:00:21.977Z,51,-30,4137
,,0,2023-05-17T14:00:21.997Z,48,-38,4106
,,0,2023-05-17T14:00:22.017Z,65,-16,4168
,,0,2023-05-17T14:00:22.037Z,28,-30,4137
,,0,2023-05-17T14:00:22.057Z,60,-40,4151
,,0,2023-05-17T14:00:22.077Z,44,-38,4145
,,0,2023-05-17T14:00:22.097Z,35,-8,4164
,,0,2023-05-17T14:00:22.117Z,53,-48,4162
,,0,2023-05-17T14:00:22.137Z,49,-27,4160
,,0,2023-05-17T14:00:22.157Z,33,-33,4134
,,0,2023-05-17T14:00:22.177Z,65,-53,4167
,,0,2023-05-17T14:00:22.197Z,54,-36,4206
,,0,2023-05-17T14:00:22.217Z,43,-17,4149
,,0,2023-05-17T14:00:22.237Z,55,3,4114
,,0,2023-05-17T14:00:22.257Z,37,-31,4131
,,0,2023-05-17T14:00:22.277Z,68,-25,4107
,,0,2023-05-17T14:00:22.297Z,57,-30,4157
,,0,2023-05-17T14:00:22.317Z,56,-22,4140
,,0,2023-05-17T14:00:22.337Z,25,-18,4108
,,0,2023-05-17T14:00:22.357Z,55,-31,4169
,,0,2023-05-17T14:00:22.377Z,46,-26,4172
,,0,2023-05-17T14:00:22.397Z,54,-19,4140
,,0,2023-05-17T14:00:22.417Z,71,-23,4141
,,0,2023-05-17T14:00:22.437Z,47,-46,4166
,,0,2023-05-17T14:00:22.457Z,80,-13,4145
,,0,2023-05-17T14:00:22.477Z,58,-33,4113
,,0,2023-05-17T14:00:22.497Z,51,-32,4124
,,0,2023-05-17T14:00:22.517Z,50,-16,4106
,,0,2023-05-17T14:00:22.537Z,51,-19,4135
,,0,2023-05-17T14:00:22.557Z,59,-41,4123
,,0,2023-05-17T14:00:22.577Z,64,-31,4132
,,0,2023-05-17T14:00:22.597Z,63,-30,4150
,,0,2023-05-17T14:00:22.617Z,59,-38,4150
,,0,2023-05-17T14:00:22.637Z,24,-48,4154
,,0,2023-05-17T14:00:22.657Z,27,-23,4162
,,0,2023-05-17T14:00:22.677Z,59,-5,4147
,,0,2023-05-17T14:00:22.697Z,39,-28,4126
,,0,2023-05-17T14:00:22.717Z,24,-16,4149
,,0,2023-05-17T14:00:22.737Z,54,1,4125
,,0,2023-05-17T14:00:22.757Z,59,-25,4170
,,0,2023-05-17T14:00:22.777Z,16,-18,4148
,,0,2023-05-17T14:00:22.797Z,61,-20,4133
,,0,2023-05-17T14:00:22.817Z,56,-25,4137
,,0,2023-05-17T14:00:22.837Z,44,-25,4136
,,0,2023-05-17T14:00:22.857Z,54,-20,4175
,,0,2023-05-17T14:00:22.877Z,31,-52,4151
,,0,2023-05-17T14:00:22.897Z,55,-18,4112
,,0,2023-05-17T14:00:22.917Z,46,-40,4123
,,0,2023-05-17T14:00:22.937Z,38,-27,4182
,,0,2023-05-17T14:00:22.957Z,30,-48,4147
,,0,2023-05-17T14:00:22.977Z,53,-28,4139
,,0,2023-05-17T14:00:22.997Z,52,-26,4154
,,0,2023-05-17T14:00:23.017Z,36,-26,4158
,,0,2023-05-17T14:00:23.037Z,56,-37,4147
,,0,2023-05-17T14:00:23.057Z,55,-17,4161
,,0,2023-05-17T14:00:23.077Z,35,-44,4096
,,0,2023-05-17T14:00:23.097Z,44,-28,4128
,,0,2023-05-17T14:00:23.117Z,41,-45,4151
,,0,2023-05-17T14:00:23.137Z,56,-18,4148
,,0,2023-05-17T14:00:23.157Z,39,-16,4152
,,0,2023-05-17T14:00:23.177Z,43,-23,4136
,,0,2023-05-17T14:00:23.197Z,49,-20,4132
,,0,2023-05-17T14:00:23.217Z,59,-12,4174
,,0,2023-05-17T14:00:23.237Z,58,-1,4130
,,0,2023-05-17T14:00:23.257Z,55,-10,4137
,,0,2023-05-17T14:00:23.277Z,23,-18,4175
,,0,2023-05-17T14:00:23.297Z,29,-37,4149
,,0,2023-05-17T14:00:23.317Z,63,-41,4131
,,0,2023-05-17T14:00:23.337Z,57,-4,4171
,,0,2023-05-17T14:00:23.357Z,19,-29,4174
,,0,2023-05-17T14:00:23.377Z,36,-25,4142
,,0,2023-05-17T14:00:23.397Z,47,-34,4121
,,0,2023-05-17T14:00:23.417Z,43,-38,4164
,,0,2023-05-17T14:00:23.437Z,53,-31,4151
,,0,2023-05-17T14:00:23.457Z,31,-11,4144
,,0,2023-05-17T14:00:23.477Z,66,-25,4155
,,0,2023-05-17T14:00:23.497Z,36,-37,4117
,,0,2023-05-17T14:00:23.517Z,52,-30,4155
,,0,2023-05-17T14:00:23.537Z,59,-26,4146
,,0,2023-05-17T14:00:23.557Z,23,-26,4134
,,0,2023-05-17T14:00:23.577Z,49,-22,4174
,,0,2023-05-17T14:00:23.597Z,45,-6,4110
,,0,2023-05-17T14:00:23.617Z,49,-44,4122
,,0,2023-05-17T14:00:23.637Z,46,-47,4131
,,0,2023-05-17T14:00:23.657Z,43,9,4137
,,0,2023-05-17T14:00:23.677Z,49,-20,4123
,,0,2023-05-17T14:00:23.697Z,40,-19,4149
,,0,2023-05-17T14:00:23.717Z,29,-19,4160
,,0,2023-05-17T14:00:23.737Z,45,-9,4130
,,0,2023-05-17T14:00:23.757Z,28,-29,4173
,,0,2023-05-17T14:00:23.777Z,50,-16,4147
,,0,2023-05-17T14:00:23.797Z,32,-20,4176
,,0,2023-05-17T14:00:23.817Z,54,-16,4178
,,0,2023-05-17T14:00:23.837Z,25,-40,4146
,,0,2023-05-17T14:00:23.857Z,37,-24,4148
,,0,2023-05-17T14:00:23.877Z,51,-45,4098
,,0,2023-05-17T14:00:23.897Z,25,-23,4125
,,0,2023-05-17T14:00:23.917Z,56,-17,4166
,,0,2023-05-17T14:00:23.937Z,59,-38,4153
,,0,2023-05-17T14:00:23.957Z,59,-29,4140
,,0,2023-05-17T14:00:23.977Z,43,-32,4134
,,0,2023-05-17T14:00:23.997Z,49,-43,4149
,,0,2023-05-17T14:00:24.017Z,48,-19,4150
,,0,2023-05-17T14:00:24.037Z,36,-34,4137
,,0,2023-05-17T14:00:24.057Z,68,-18,4130
,,0,2023-05-17T14:00:24.077Z,58,-31,4135
,,0,2023-05-17T14:00:24.097Z,30,-33,4168
,,0,2023-05-17T14:00:24.117Z,56,-26,4153
,,0,2023-05-17T14:00:24.137Z,60,-14,4118
,,0,2023-05-17T14:00:24.157Z,63,-41,4120
,,0,2023-05-17T14:00:24.177Z,16,-20,4119
,,0,2023-05-17T14:00:24.197Z,23,-22,4177
,,0,2023-05-17T14:00:24.217Z,74,-5,4161
,,0,2023-05-17T14:00:24.237Z,41,-39,4168
,,0,2023-05-17T14:00:24.257Z,48,-14,4119
,,0,2023-05-17T14:00:24.277Z,32,-29,4151
,,0,2023-05-17T14:00:24.297Z,27,-53,4128
,,0,2023-05-17T14:00:24.317Z,51,-39,4133
,,0,2023-05-17T14:00:24.337Z,32,-9,4127
,,0,2023-05-17T14:00:24.357Z,56,-12,4158
,,0,2023-05-17T14:00:24.377Z,53,-36,4157
,,0,2023-05-17T14:00:24.397Z,50,-19,4142
,,0,2023-05-17T14:00:24.417Z,63,-29,4136
,,0,2023-05-17T14:00:24.437Z,39,-34,4184
,,0,2023-05-17T14:00:24.457Z,62,-29,4202
,,0,2023-05-17T14:00:24.477Z,36,-41,4153
,,0,2023-05-17T14:00:24.497Z,51,-22,4139
,,0,2023-05-17T14:00:24.517Z,43,-49,4143
,,0,2023-05-17T14:00:24.537Z,58,-17,4205
,,0,2023-05-17T14:00:24.557Z,34,-26,4119
,,0,2023-05-17T14:00:24.577Z,55,-42,4189
,,0,2023-05-17T14:00:24.597Z,60,-39,4137
,,0,2023-05-17T14:00:24.617Z,20,-40,4141
,,0,2023-05-17T14:00:24.637Z,40,-55,4142
,,0,2023-05-17T14:00:24.657Z,40,-40,4125
,,0,2023-05-17T14:00:24.677Z,34,-32,4082
,,0,2023-05-17T14:00:24.697Z,12,-18,4145
,,0,2023-05-17T14:00:24.717Z,51,-50,4145
,,0,2023-05-17T14:00:24.737Z,27,-16,4126
,,0,2023-05-17T14:00:24.757Z,40,-55,4141
,,0,2023-05-17T14:00:24.777Z,56,-25,4128
,,0,2023-05-17T14:00:24.797Z,48,-16,4159
,,0,2023-05-17T14:00:24.817Z,32,-39,4127
,,0,2023-05-17T14:00:24.837Z,51,-34,4182
,,0,2023-05-17T14:00:24.857Z,61,-30,4136
,,0,2023-05-17T14:00:24.877Z,31,-37,4147
,,0,2023-05-17T14:00:24.897Z,58,-43,4134
,,0,2023-05-17T14:00:24.917Z,52,-22,4122
,,0,2023-05-17T14:00:24.937Z,43,-15,4151
,,0,2023-05-17T14:00:24.957Z,58,-30,4159
,,0,2023-05-17T14:00:24.977Z,39,-24,4144
,,0,2023-05-17T14:00:24.997Z,44,-30,4163
,,0,2023-05-17T14:00:25.017Z,56,-28,4156
,,0,2023-05-17T14:00:25.037Z,52,-33,4128
,,0,2023-05-17T14:00:25.057Z,62,-38,4132
,,0,2023-05-17T14:00:25.077Z,60,-22,4123
,,0,2023-05-17T14:00:25.097Z,48,-24,4149
,,0,2023-05-17T14:00:25.117Z,56,-26,4154
,,0,2023-05-17T14:00:25.137Z,47,-6,4161
,,0,2023-05-17T14:00:25.157Z,51,-21,4110
,,0,2023-05-17T14:00:25.177Z,46,-21,4110
,,0,2023-05-17T14:00:25.197Z,46,-23,4139
,,0,2023-05-17T14:00:25.217Z,54,0,4150
,,0,2023-05-17T14:00:25.237Z,61,-43,4115
,,0,2023-05-17T14:00:25.257Z,34,-50,4130
,,0,2023-05-17T14:00:25.277Z,67,-14,4144
,,0,2023-05-17T14:00:25.297Z,22,-24,4152
,,0,2023-05-17T14:00:25.317Z,34,-3,4121
,,0,2023-05-17T14:00:25.337Z,37,-31,4124
,,0,2023-05-17T14:00:25.357Z,68,-32,4092
,,0,2023-05-17T14:00:25.377Z,42,-26,4122
,,0,2023-05-17T14:00:25.397Z,48,-51,4131
,,0,2023-05-17T14:00:25.417Z,31,-23,4155
,,0,2023-05-17T14:00:25.437Z,26,-20,4140
,,0,2023-05-17T14:00:25.457Z,36,-40,4152
,,0,2023-05-17T14:00:25.477Z,64,-30,4105
,,0,2023-05-17T14:00:25.497Z,59,-16,4121
,,0,2023-05-17T14:00:25.517Z,40,-23,4149
,,0,2023-05-17T14:00:25.537Z,63,-9,4120
,,0,2023-05-17T14:00:25.557Z,50,-20,4180
,,0,2023-05-17T14:00:25.577Z,41,-11,4129
,,0,2023-05-17T14:00:25.597Z,40,-37,4152
,,0,2023-05-17T14:00:25.617Z,56,-24,4147
,,0,2023-05-17T14:00:25.637Z,44,-19,4151
,,0,2023-05-17T14:00:25.657Z,66,-7,4147
,,0,2023-05-17T14:00:25.677Z,27,-27,4125
,,0,2023-05-17T14:00:25.697Z,36,-10,4130
,,0,2023-05-17T14:00:25.717Z,50,-38,4155
,,0,2023-05-17T14:00:25.737Z,33,-22,4150
,,0,2023-05-17T14:00:25.757Z,75,-10,4135
,,0,2023-05-17T14:00:25.777Z,58,-24,4121
,,0,2023-05-17T14:00:25.797Z,47,-51,4160
,,0,2023-05-17T14:00:25.817Z,53,-24,4122
,,0,2023-05-17T14:00:25.837Z,28,-31,4143
,,0,2023-05-17T14:00:25.857Z,47,-38,4174
,,0,2023-05-17T14:00:25.877Z,64,-3,4144
,,0,2023-05-17T14:00:25.897Z,44,-17,4177
,,0,2023-05-17T14:00:25.917Z,37,-40,4159
,,0,2023-05-17T14:00:25.937Z,58,-24,4118
,,0,2023-05-17T14:00:25.957Z,31,-34,4184
,,0,2023-05-17T14:00:25.977Z,48,-6,4153
,,0,2023-05-17T14:00:25.997Z,63,-41,4179
,,0,2023-05-17T14:00:26.017Z,55,-35,4161
,,0,2023-05-17T14:00:26.037Z,41,-20,4147
,,0,2023-05-17T14:00:26.057Z,62,-23,4152
,,0,2023-05-17T14:00:26.077Z,19,-19,4129
,,0,2023-05-17T14:00:26.097Z,55,-15,4164
,,0,2023-05-17T14:00:26.117Z,59,-26,4125
,,0,2023-05-17T14:00:26.137Z,52,-35,4136
,,0,2023-05-17T14:00:26.157Z,53,-21,4180
,,0,2023-05-17T14:00:26.177Z,67,-5,4124
,,0,2023-05-17T14:00:26.197Z,33,-22,4120
,,0,2023-05-17T14:00:26.217Z,56,-26,4105
,,0,2023-05-17T14:00:26.237Z,55,-6,4127
,,0,2023-05-17T14:00:26.257Z,32,-22,4097
,,0,2023-05-17T14:00:26.277Z,54,-31,4136
,,0,2023-05-17T14:00:26.297Z,54,-30,4081
,,0,2023-05-17T14:00:26.317Z,49,-36,4157
,,0,2023-05-17T14:00:26.337Z,52,-23,4176
,,0,2023-05-17T14:00:26.357Z,61,-24,4157
,,0,2023-05-17T14:00:26.377Z,49,-20,4123
,,0,2023-05-17T14:00:26.397Z,49,-35,4145
,,0,2023-05-17T14:00:26.417Z,63,-22,4150
,,0,2023-05-17T14:00:26.437Z,35,-40,4126
,,0,2023-05-17T14:00:26.457Z,28,-33,4115
,,0,2023-05-17T14:00:26.477Z,37,-46,4135
,,0,2023-05-17T14:00:26.497Z,36,-30,4119
,,0,2023-05-17T14:00:26.517Z,70,-19,4125
,,0,2023-05-17T14:00:26.537Z,31,-29,4147
,,0,2023-05-17T14:00:26.557Z,47,-26,4134
,,0,2023-05-17T14:00:26.577Z,38,-8,4170
,,0,2023-05-17T14:00:26.597Z,43,-10,4135
,,0,2023-05-17T14:00:26.617Z,36,-11,4124
,,0,2023-05-17T14:00:26.637Z,85,-27,4140
,,0,2023-05-17T14:00:26.657Z,29,-40,4139
,,0,2023-05-17T14:00:26.677Z,62,-33,4163
,,0,2023-05-17T14:00:26.697Z,50,-21,4149
,,0,2023-05-17T14:00:26.717Z,32,-41,4131
,,0,2023-05-17T14:00:26.737Z,37,-29,4159
,,0,2023-05-17T14:00:26.757Z,49,-28,4141
,,0,2023-05-17T14:00:26.777Z,47,-14,4149
,,0,2023-05-17T14:00:26.797Z,40,-26,4158
,,0,2023-05-17T14:00:26.817Z,60,-20,4163
,,0,2023-05-17T14:00:26.837Z,38,-29,4137
,,0,2023-05-17T14:00:26.857Z,37,-24,4118
,,0,2023-05-17T14:00:26.877Z,67,-27,4156
,,0,2023-05-17T14:00:26.897Z,52,-10,4116
,,0,2023-05-17T14:00:26.917Z,70,-19,4157
,,0,2023-05-17T14:00:26.937Z,30,-15,4151
,,0,2023-05-17T14:00:26.957Z,60,-44,4148
,,0,2023-05-17T14:00:26.977Z,48,-38,4178
,,0,2023-05-17T14:00:26.997Z,50,-13,4198
,,0,2023-05-17T14:00:27.017Z,14,-29,4119
,,0,2023-05-17T14:00:27.037Z,56,-19,4160
,,0,2023-05-17T14:00:27.057Z,63,-14,4141
,,0,2023-05-17T14:00:27.077Z,49,-24,4168
,,0,2023-05-17T14:00:27.097Z,49,-10,4150
,,0,2023-05-17T14:00:27.117Z,53,-26,4153
,,0,2023-05-17T14:00:27.137Z,59,-29,4143
,,0,2023-05-17T14:00:27.157Z,43,-17,4150
,,0,2023-05-17T14:00:27.177Z,40,-26,4146
,,0,2023-05-17T14:00:27.197Z,47,-38,4130
,,0,2023-05-17T14:00:27.217Z,56,-18,4163
,,0,2023-05-17T14:00:27.237Z,62,-14,4190
,,0,2023-05-17T14:00:27.257Z,53,-35,4145
,,0,2023-05-17T14:00:27.277Z,77,-44,4112
,,0,2023-05-17T14:00:27.297Z,55,-34,4135
,,0,2023-05-17T14:00:27.317Z,56,-33,4159
,,0,2023-05-17T14:00:27.337Z,66,-3,4141
,,0,2023-05-17T14:00:27.357Z,52,-28,4155
,,0,2023-05-17T14:00:27.377Z,50,-33,4128
,,0,2023-05-17T14:00:27.397Z,28,-32,4136
,,0,2023-05-17T14:00:27.417Z,27,-13,4124
,,0,2023-05-17T14:00:27.437Z,55,-17,4131
,,0,2023-05-17T14:00:27.457Z,37,-41,4134
,,0,2023-05-17T14:00:27.477Z,33,-22,4169
,,0,2023-05-17T14:00:27.497Z,26,-36,4115
,,0,2023-05-17T14:00:27.517Z,52,-18,4139
,,0,2023-05-17T14:00:27.537Z,44,-39,4136
,,0,2023-05-17T14:00:27.557Z,58,-3,4162
,,0,2023-05-17T14:00:27.577Z,57,-30,4132
,,0,2023-05-17T14:00:27.597Z,38,-29,4173
,,0,2023-05-17T14:00:27.617Z,30,-35,4154
,,0,2023-05-17T14:00:27.637Z,33,-35,4137
,,0,2023-05-17T14:00:27.657Z,82,-50,4114
,,0,2023-05-17T14:00:27.677Z,35,-25,4151
,,0,2023-05-17T14:00:27.697Z,38,-27,4151
,,0,2023-05-17T14:00:27.717Z,32,-24,4151
,,0,2023-05-17T14:00:27.737Z,66,-25,4159
,,0,2023-05-17T14:00:27.757Z,53,-25,4162
,,0,2023-05-17T14:00:27.777Z,84,4,4165
,,0,2023-05-17T14:00:27.797Z,46,-22,4153
,,0,2023-05-17T14:00:27.817Z,53,-47,4141
,,0,2023-05-17T14:00:27.837Z,46,-26,4149
,,0,2023-05-17T14:00:27.857Z,36,-20,4161
,,0,2023-05-17T14:00:27.877Z,50,-33,4145
,,0,2023-05-17T14:00:27.897Z,46,-17,4136
,,0,2023-05-17T14:00:27.917Z,47,-1,4158
,,0,2023-05-17T14:00:27.937Z,46,-29,4144
,,0,2023-05-17T14:00:27.957Z,32,-10,4176
,,0,2023-05-17T14:00:27.977Z,51,-22,4145
,,0,2023-05-17T14:00:27.997Z,60,-24,4118
,,0,2023-05-17T14:00:28.017Z,45,-27,4139
,,0,2023-05-17T14:00:28.037Z,24,-20,4135
,,0,2023-05-17T14:00:28.057Z,54,-28,4138
,,0,2023-05-17T14:00:28.077Z,32,-25,4143
,,0,2023-05-17T14:00:28.097Z,70,-27,4149
,,0,2023-05-17T14:00:28.117Z,25,-38,4141
,,0,2023-05-17T14:00:28.137Z,31,-34,4113
,,0,2023-05-17T14:00:28.157Z,40,-40,4131
,,0,2023-05-17T14:00:28.177Z,62,-19,4155
,,0,2023-05-17T14:00:28.197Z,30,-15,4207
,,0,2023-05-17T14:00:28.217Z,71,-15,4155
,,0,2023-05-17T14:00:28.237Z,49,-36,4146
,,0,2023-05-17T14:00:28.257Z,39,-24,4151
,,0,2023-05-17T14:00:28.277Z,46,-40,4165
,,0,2023-05-17T14:00:28.297Z,27,-37,4140
,,0,2023-05-17T14:00:28.317Z,42,3,4151
,,0,2023-05-17T14:00:28.337Z,52,-5,4183
,,0,2023-05-17T14:00:28.357Z,26,-20,4137
,,0,2023-05-17T14:00:28.377Z,23,3,4177
,,0,2023-05-17T14:00:28.397Z,51,-29,4120
,,0,2023-05-17T14:00:28.417Z,38,-18,4137
,,0,2023-05-17T14:00:28.437Z,48,-10,4129
,,0,2023-05-17T14:00:28.457Z,67,-13,4146
,,0,2023-05-17T14:00:28.477Z,55,-16,4166
,,0,2023-05-17T14:00:28.497Z,46,-43,4186
,,0,2023-05-17T14:00:28.517Z,37,-18,4143
,,0,2023-05-17T14:00:28.537Z,36,-14,4107
,,0,2023-05-17T14:00:28.557Z,60,-16,4115
,,0,2023-05-17T14:00:28.577Z,43,-36,4120
,,0,2023-05-17T14:00:28.597Z,42,-25,4144
,,0,2023-05-17T14:00:28.617Z,63,-32,4168
,,0,2023-05-17T14:00:28.637Z,40,-16,4145
,,0,2023-05-17T14:00:28.657Z,71,-18,4163
,,0,2023-05-17T14:00:28.677Z,43,-10,4134
,,0,2023-05-17T14:00:28.697Z,46,-28,4129
,,0,2023-05-17T14:00:28.717Z,74,-33,4165
,,0,2023-05-17T14:00:28.737Z,34,-29,4152
,,0,2023-05-17T14:00:28.757Z,60,-26,4138
,,0,2023-05-17T14:00:28.777Z,12,-38,4154
,,0,2023-05-17T14:00:28.797Z,26,-6,4152
,,0,2023-05-17T14:00:28.817Z,34,-17,4113
,,0,2023-05-17T14:00:28.837Z,49,-33,4171
,,0,2023-05-17T14:00:28.857Z,27,-41,4163
,,0,2023-05-17T14:00:28.877Z,58,-42,4165
,,0,2023-05-17T14:00:28.897Z,36,-18,4124
,,0,2023-05-17T14:00:28.917Z,33,-47,4129
,,0,2023-05-17T14:00:28.937Z,60,-17,4126
,,0,2023-05-17T14:00:28.957Z,50,0,4130
,,0,2023-05-17T14:00:28.977Z,47,-37,4155
,,0,2023-05-17T14:00:28.997Z,46,-31,4103
,,0,2023-05-17T14:00:29.017Z,7,-16,4155
,,0,2023-05-17T14:00:29.037Z,66,-10,4116
,,0,2023-05-17T14:00:29.057Z,49,5,4146
,,0,2023-05-17T14:00:29.077Z,41,-24,4130
,,0,2023-05-17T14:00:29.097Z,44,-8,4148
,,0,2023-05-17T14:00:29.117Z,56,-10,4161
,,0,2023-05-17T14:00:29.137Z,64,-16,4124
,,0,2023-05-17T14:00:29.157Z,54,-15,4155
,,0,2023-05-17T14:00:29.177Z,49,-18,4129
,,0,2023-05-17T14:00:29.197Z,19,-27,4170
,,0,2023-05-17T14:00:29.217Z,47,-23,4165
,,0,2023-05-17T14:00:29.237Z,36,-7,4095
,,0,2023-05-17T14:00:29.257Z,31,-15,4136
,,0,2023-05-17T14:00:29.277Z,75,-20,4135
,,0,2023-05-17T14:00:29.297Z,38,-29,4113
,,0,2023-05-17T14:00:29.317Z,52,-54,4139
,,0,2023-05-17T14:00:29.337Z,71,-27,4113
,,0,2023-05-17T14:00:29.357Z,70,-9,4148
,,0,2023-05-17T14:00:29.377Z,69,-28,4136
,,0,2023-05-17T14:00:29.397Z,51,-29,4127
,,0,2023-05-17T14:00:29.417Z,57,-8,4145
,,0,2023-05-17T14:00:29.437Z,32,-46,4128
,,0,2023-05-17T14:00:29.457Z,50,-23,4168
,,0,2023-05-17T14:00:29.477Z,33,-15,4118
,,0,2023-05-17T14:00:29.497Z,43,5,4133
,,0,2023-05-17T14:00:29.517Z,34,-34,4173
,,0,2023-05-17T14:00:29.537Z,35,-37,4183
,,0,2023-05-17T14:00:29.557Z,52,-2,4163
,,0,2023-05-17T14:00:29.577Z,25,-9,4116
,,0,2023-05-17T14:00:29.597Z,36,-34,4119
,,0,2023-05-17T14:00:29.617Z,39,-34,4152
,,0,2023-05-17T14:00:29.637Z,42,-30,4155
,,0,2023-05-17T14:00:29.657Z,50,-20,4120
,,0,2023-05-17T14:00:29.677Z,35,-34,4139
,,0,2023-05-17T14:00:29.697Z,55,-38,4167
,,0,2023-05-17T14:00:29.717Z,53,-31,4126
,,0,2023-05-17T14:00:29.737Z,34,-23,4148
,,0,2023-05-17T14:00:29.757Z,68,-22,4157
,,0,2023-05-17T14:00:29.777Z,32,-20,4159
,,0,2023-05-17T14:00:29.797Z,50,-18,4121
,,0,2023-05-17T14:00:29.817Z,61,-20,4128
,,0,2023-05-17T14:00:29.837Z,72,-23,4133
,,0,2023-05-17T14:00:29.857Z,61,-15,4131
,,0,2023-05-17T14:00:29.877Z,51,-27,4127
,,0,2023-05-17T14:00:29.897Z,45,-22,4140
,,0,2023-05-17T14:00:29.917Z,67,-25,4148
,,0,2023-05-17T14:00:29.937Z,57,-33,4133
,,0,2023-05-17T14:00:29.957Z,38,-36,4116
,,0,2023-05-17T14:00:29.977Z,41,-25,4138
,,0,2023-05-17T14:00:29.997Z,30,-40,4146
,,0,2023-05-17T14:00:30.017Z,32,-32,4131
,,0,2023-05-17T14:00:30.037Z,24,-19,4142
,,0,2023-05-17T14:00:30.057Z,56,-26,4165
,,0,2023-05-17T14:00:30.077Z,46,-37,4109
,,0,2023-05-17T14:00:30.097Z,56,-11,4130
,,0,2023-05-17T14:00:30.117Z,49,-31,4156
,,0,2023-05-17T14:00:30.137Z,42,-15,4138
,,0,2023-05-17T14:00:30.157Z,50,-40,4108
,,0,2023-05-17T14:00:30.177Z,39,-25,4149
,,0,2023-05-17T14:00:30.197Z,67,-6,4158
,,0,2023-05-17T14:00:30.217Z,53,-9,4150
,,0,2023-05-17T14:00:30.237Z,26,-5,4164
,,0,2023-05-17T14:00:30.257Z,47,-19,4129
,,0,2023-05-17T14:00:30.277Z,53,-11,4161
,,0,2023-05-17T14:00:30.297Z,71,-33,4140
,,0,2023-05-17T14:00:30.317Z,43,-13,4159
,,0,2023-05-17T14:00:30.337Z,62,-25,4141
,,0,2023-05-17T14:00:30.357Z,81,-14,4163
,,0,2023-05-17T14:00:30.377Z,71,-48,4123
,,0,2023-05-17T14:00:30.397Z,31,-40,4130
,,0,2023-05-17T14:00:30.417Z,45,-5,4125
,,0,2023-05-17T14:00:30.437Z,52,-35,4157
,,0,2023-05-17T14:00:30.457Z,58,-23,4163
,,0,2023-05-17T14:00:30.477Z,48,-21,4147
,,0,2023-05-17T14:00:30.497Z,70,-7,4132
,,0,2023-05-17T14:00:30.517Z,31,-12,4170
,,0,2023-05-17T14:00:30.537Z,57,-33,4158
,,0,2023-05-17T14:00:30.557Z,15,-33,4128
,,0,2023-05-17T14:00:30.577Z,36,-58,4140
,,0,2023-05-17T14:00:30.597Z,20,-32,4149
,,0,2023-05-17T14:00:30.617Z,59,-11,4141
,,0,2023-05-17T14:00:30.637Z,42,-33,4128
,,0,2023-05-17T14:00:30.657Z,38,-28,4162
,,0,2023-05-17T14:00:30.677Z,55,-24,4130
,,0,2023-05-17T14:00:30.697Z,34,-24,4131
,,0,2023-05-17T14:00:30.717Z,55,-31,4147
,,0,2023-05-17T14:00:30.737Z,39,-18,4131
,,0,2023-05-17T14:00:30.757Z,40,-22,4155
,,0,2023-05-17T14:00:30.777Z,71,-18,4103
,,0,2023-05-17T14:00:30.797Z,54,-40,4125
,,0,2023-05-17T14:00:30.817Z,27,-10,4126
,,0,2023-05-17T14:00:30.837Z,61,-28,4134
,,0,2023-05-17T14:00:30.857Z,58,-23,4135
,,0,2023-05-17T14:00:30.877Z,59,-35,4110
,,0,2023-05-17T14:00:30.897Z,58,-30,4135
,,0,2023-05-17T14:00:30.917Z,53,-19,4162
,,0,2023-05-17T14:00:30.937Z,50,-2,4193
,,0,2023-05-17T14:00:30.957Z,43,-9,4172
,,0,2023-05-17T14:00:30.977Z,25,-22,4163
,,0,2023-05-17T14:00:30.997Z,43,-42,4111
,,0,2023-05-17T14:00:31.017Z,39,-10,4128
,,0,2023-05-17T14:00:31.037Z,40,-27,4137
,,0,2023-05-17T14:00:31.057Z,62,-37,4135
,,0,2023-05-17T14:00:31.077Z,37,-37,4139
,,0,2023-05-17T14:00:31.097Z,75,-19,4162
,,0,2023-05-17T14:00:31.117Z,60,-31,4151
,,0,2023-05-17T14:00:31.137Z,35,-13,4112
,,0,2023-05-17T14:00:31.157Z,66,-10,4143
,,0,2023-05-17T14:00:31.177Z,43,-30,4137
,,0,2023-05-17T14:00:31.197Z,46,-29,4144
,,0,2023-05-17T14:00:31.217Z,52,-15,4158
,,0,2023-05-17T14:00:31.237Z,43,-44,4151
,,0,2023-05-17T14:00:31.257Z,53,-16,4139
,,0,2023-05-17T14:00:31.277Z,48,-17,4152
,,0,2023-05-17T14:00:31.297Z,21,-14,4172
,,0,2023-05-17T14:00:31.317Z,32,-15,4117
,,0,2023-05-17T14:00:31.337Z,50,-7,4124
,,0,2023-05-17T14:00:31.357Z,64,-18,4159
,,0,2023-05-17T14:00:31.377Z,66,-20,4132
,,0,2023-05-17T14:00:31.397Z,69,-25,4133
,,0,2023-05-17T14:00:31.417Z,17,-26,4147
,,0,2023-05-17T14:00:31.437Z,38,-17,4144
,,0,2023-05-17T14:00:31.457Z,73,-27,4114
,,0,2023-05-17T14:00:31.477Z,55,-11,4166
,,0,2023-05-17T14:00:31.497Z,42,-18,4162
,,0,2023-05-17T14:00:31.517Z,46,-19,4167
,,0,2023-05-17T14:00:31.537Z,55,-15,4119
,,0,2023-05-17T14:00:31.557Z,71,-30,4117
,,0,2023-05-17T14:00:31.577Z,46,-24,4143
,,0,2023-05-17T14:00:31.597Z,40,-24,4138
,,0,2023-05-17T14:00:31.617Z,46,-30,4133
,,0,2023-05-17T14:00:31.637Z,58,-31,4155
,,0,2023-05-17T14:00:31.657Z,24,-32,4118
,,0,2023-05-17T14:00:31.677Z,33,-28,4185
,,0,2023-05-17T14:00:31.697Z,21,-23,4149
,,0,2023-05-17T14:00:31.717Z,58,-22,4187
,,0,2023-05-17T14:00:31.737Z,70,-37,4142
,,0,2023-05-17T14:00:31.757Z,69,-26,4135
,,0,2023-05-17T14:00:31.777Z,38,-3,4167
,,0,2023-05-17T14:00:31.797Z,46,-16,4156
,,0,2023-05-17T14:00:31.817Z,38,-29,4134
,,0,2023-05-17T14:00:31.837Z,36,-19,4167
,,0,2023-05-17T14:00:31.857Z,41,-24,4165
,,0,2023-05-17T14:00:31.877Z,61,-30,4153
,,0,2023-05-17T14:00:31.897Z,55,-29,4126
,,0,2023-05-17T14:00:31.917Z,43,-30,4142
,,0,2023-05-17T14:00:31.937Z,32,-23,4133
,,0,2023-05-17T14:00:31.957Z,30,-30,4151
,,0,2023-05-17T14:00:31.977Z,44,-33,4154
,,0,2023-05-17T14:00:31.997Z,59,-18,4169
,,0,2023-05-17T14:00:32.017Z,59,-28,4150
,,0,2023-05-17T14:00:32.037Z,46,-11,4182
,,0,2023-05-17T14:00:32.057Z,62,-27,4132
,,0,2023-05-17T14:00:32.077Z,45,-24,4133
,,0,2023-05-17T14:00:32.097Z,47,-39,4169
,,0,2023-05-17T14:00:32.117Z,40,-17,4140
,,0,2023-05-17T14:00:32.137Z,34,-27,4130
,,0,2023-05-17T14:00:32.157Z,59,-18,4102
,,0,2023-05-17T14:00:32.177Z,40,13,4161
,,0,2023-05-17T14:00:32.197Z,64,-20,4185
,,0,2023-05-17T14:00:32.217Z,46,-47,4147
,,0,2023-05-17T14:00:32.237Z,72,-13,4154
,,0,2023-05-17T14:00:32.257Z,34,-17,4116
,,0,2023-05-17T14:00:32.277Z,40,-27,4139
,,0,2023-05-17T14:00:32.297Z,36,-47,4183
,,0,2023-05-17T14:00:32.317Z,37,-23,4136
,,0,2023-05-17T14:00:32.337Z,53,-40,4176
,,0,2023-05-17T14:00:32.357Z,37,-25,4156
,,0,2023-05-17T14:00:32.377Z,40,-20,4120
,,0,2023-05-17T14:00:32.397Z,27,-28,4124
,,0,2023-05-17T14:00:32.417Z,60,-7,4172
,,0,2023-05-17T14:00:32.437Z,18,-2,4099
,,0,2023-05-17T14:00:32.457Z,36,-24,4157
,,0,2023-05-17T14:00:32.477Z,61,-1,4152
,,0,2023-05-17T14:00:32.497Z,38,-48,4140
,,0,2023-05-17T14:00:32.517Z,43,-13,4156
,,0,2023-05-17T14:00:32.537Z,60,-5,4144
,,0,2023-05-17T14:00:32.557Z,45,-21,4123
,,0,2023-05-17T14:00:32.577Z,59,-11,4180
,,0,2023-05-17T14:00:32.597Z,37,-49,4162
,,0,2023-05-17T14:00:32.617Z,71,-16,4130
,,0,2023-05-17T14:00:32.637Z,49,-40,4146
,,0,2023-05-17T14:00:32.657Z,37,-33,4141
,,0,2023-05-17T14:00:32.677Z,60,-25,4160
,,0,2023-05-17T14:00:32.697Z,49,-22,4141
,,0,2023-05-17T14:00:32.717Z,33,-30,4148
,,0,2023-05-17T14:00:32.737Z,56,-19,4139
,,0,2023-05-17T14:00:32.757Z,36,-3,4155
,,0,2023-05-17T14:00:32.777Z,43,-30,4150
,,0,2023-05-17T14:00:32.797Z,47,-50,4173
,,0,2023-05-17T14:00:32.817Z,59,-36,4165
,,0,2023-05-17T14:00:32.837Z,30,-36,4122
,,0,2023-05-17T14:00:32.857Z,50,-31,4093
,,0,2023-05-17T14:00:32.877Z,46,1,4115
,,0,2023-05-17T14:00:32.897Z,46,-18,4130
,,0,2023-05-17T14:00:32.917Z,44,-12,4128
,,0,2023-05-17T14:00:32.937Z,77,-33,4132
,,0,2023-05-17T14:00:32.957Z,41,-48,4172
,,0,2023-05-17T14:00:32.977Z,46,-31,4137
,,0,2023-05-17T14:00:32.997Z,71,-28,4108
,,0,2023-05-17T14:00:33.017Z,27,-35,4137
,,0,2023-05-17T14:00:33.037Z,78,-22,4147
,,0,2023-05-17T14:00:33.057Z,55,-26,4139
,,0,2023-05-17T14:00:33.077Z,72,-25,4137
,,0,2023-05-17T14:00:33.097Z,53,-35,4127
,,0,2023-05-17T14:00:33.117Z,59,-37,4117
,,0,2023-05-17T14:00:33.137Z,63,-41,4128
,,0,2023-05-17T14:00:33.157Z,40,-32,4144
,,0,2023-05-17T14:00:33.177Z,68,-11,4143
,,0,2023-05-17T14:00:33.197Z,26,7,4156
,,0,2023-05-17T14:00:33.217Z,43,-21,4158
,,0,2023-05-17T14:00:33.237Z,42,-3,4125
,,0,2023-05-17T14:00:33.257Z,42,-41,4147
,,0,2023-05-17T14:00:33.277Z,58,-40,4138
,,0,2023-05-17T14:00:33.297Z,44,-12,4167
,,0,2023-05-17T14:00:33.317Z,54,-23,4139
,,0,2023-05-17T14:00:33.337Z,37,-35,4164
,,0,2023-05-17T14:00:33.357Z,53,-26,4187
,,0,2023-05-17T14:00:33.377Z,39,-14,4155
,,0,2023-05-17T14:00:33.397Z,38,-18,4133
,,0,2023-05-17T14:00:33.417Z,48,-41,4137
,,0,2023-05-17T14:00:33.437Z,16,-35,4143
,,0,2023-05-17T14:00:33.457Z,62,-15,4105
,,0,2023-05-17T14:00:33.477Z,58,-18,4189
,,0,2023-05-17T14:00:33.497Z,50,-25,4137
,,0,2023-05-17T14:00:33.517Z,40,-11,4110
,,0,2023-05-17T14:00:33.537Z,50,-22,4137
,,0,2023-05-17T14:00:33.557Z,66,-44,4126
,,0,2023-05-17T14:00:33.577Z,41,-19,4181
,,0,2023-05-17T14:00:33.597Z,51,-19,4135
,,0,2023-05-17T14:00:33.617Z,39,-34,4155
,,0,2023-05-17T14:00:33.637Z,37,-35,4109
,,0,2023-05-17T14:00:33.657Z,20,-19,4130
,,0,2023-05-17T14:00:33.677Z,40,-47,4166
,,0,2023-05-17T14:00:33.697Z,62,-29,4126
,,0,2023-05-17T14:00:33.717Z,22,-30,4185
,,0,2023-05-17T14:00:33.737Z,37,-37,4170
,,0,2023-05-17T14:00:33.757Z,37,-34,4163
,,0,2023-05-17T14:00:33.777Z,22,-6,4145
,,0,2023-05-17T14:00:33.797Z,58,-25,4160
,,0,2023-05-17T14:00:33.817Z,40,-26,4185
,,0,2023-05-17T14:00:33.837Z,27,-21,4124
,,0,2023-05-17T14:00:33.857Z,39,-9,4155
,,0,2023-05-17T14:00:33.877Z,59,-47,4125
,,0,2023-05-17T14:00:33.897Z,88,-27,4154
,,0,2023-05-17T14:00:33.917Z,36,-40,4134
,,0,2023-05-17T14:00:33.937Z,55,-36,4134
,,0,2023-05-17T14:00:33.957Z,58,-27,4097
,,0,2023-05-17T14:00:33.977Z,46,-41,4162
,,0,2023-05-17T14:00:33.997Z,48,-38,4153
,,0,2023-05-17T14:00:34.017Z,36,-22,4124
,,0,2023-05-17T14:00:34.037Z,58,0,4137
,,0,2023-05-17T14:00:34.057Z,53,-6,4133
,,0,2023-05-17T14:00:34.077Z,45,-26,4167
,,0,2023-05-17T14:00:34.097Z,60,-66,4147
,,0,2023-05-17T14:00:34.117Z,53,-22,4123
,,0,2023-05-17T14:00:34.137Z,52,-18,4155
,,0,2023-05-17T14:00:34.157Z,62,-2,4183
,,0,2023-05-17T14:00:34.177Z,34,-31,4138
,,0,2023-05-17T14:00:34.197Z,76,-13,4135
,,0,2023-05-17T14:00:34.217Z,46,-19,4124
,,0,2023-05-17T14:00:34.237Z,35,-27,4141
,,0,2023-05-17T14:00:34.257Z,34,-29,4165
,,0,2023-05-17T14:00:34.277Z,60,-31,4162
,,0,2023-05-17T14:00:34.297Z,42,-25,4141
,,0,2023-05-17T14:00:34.317Z,26,-31,4141
,,0,2023-05-17T14:00:34.337Z,41,0,4153
,,0,2023-05-17T14:00:34.357Z,37,-33,4145
,,0,2023-05-17T14:00:34.377Z,41,-23,4169
,,0,2023-05-17T14:00:34.397Z,59,-26,4116
,,0,2023-05-17T14:00:34.417Z,52,-15,4134
,,0,2023-05-17T14:00:34.437Z,88,-30,4155
,,0,2023-05-17T14:00:34.457Z,45,-12,4135
,,0,2023-05-17T14:00:34.477Z,56,-37,4163
,,0,2023-05-17T14:00:34.497Z,22,-2,4166
,,0,2023-05-17T14:00:34.517Z,52,-27,4159
,,0,2023-05-17T14:00:34.537Z,39,-29,4127
,,0,2023-05-17T14:00:34.557Z,41,-37,4140
,,0,2023-05-17T14:00:34.577Z,46,-20,4148
,,0,2023-05-17T14:00:34.597Z,69,-3,4148
,,0,2023-05-17T14:00:34.617Z,60,-18,4145
,,0,2023-05-17T14:00:34.637Z,79,-25,4148
,,0,2023-05-17T14:00:34.657Z,34,-36,4151
,,0,2023-05-17T14:00:34.677Z,47,-43,4153
,,0,2023-05-17T14:00:34.697Z,32,-43,4128
,,0,2023-05-17T14:00:34.717Z,33,-25,4128
,,0,2023-05-17T14:00:34.737Z,31,-23,4151
,,0,2023-05-17T14:00:34.757Z,45,-9,4161
,,0,2023-05-17T14:00:34.777Z,49,-35,4164
,,0,2023-05-17T14:00:34.797Z,74,-46,4127
,,0,2023-05-17T14:00:34.817Z,44,-31,4153
,,0,2023-05-17T14:00:34.837Z,44,-23,4123
,,0,2023-05-17T14:00:34.857Z,67,-45,4136
,,0,2023-05-17T14:00:34.877Z,19,-33,4151
,,0,2023-05-17T14:00:34.897Z,43,-34,4134
,,0,2023-05-17T14:00:34.917Z,51,-32,4180
,,0,2023-05-17T14:00:34.937Z,52,-44,4125
,,0,2023-05-17T14:00:34.957Z,45,-31,4121
,,0,2023-05-17T14:00:34.977Z,86,-8,4184
,,0,2023-05-17T14:00:34.997Z,46,-6,4149
,,0,2023-05-17T14:00:35.017Z,60,5,4127
,,0,2023-05-17T14:00:35.037Z,43,-29,4127
,,0,2023-05-17T14:00:35.057Z,19,-16,4122
,,0,2023-05-17T14:00:35.077Z,54,-46,4153
,,0,2023-05-17T14:00:35.097Z,36,-24,4141
,,0,2023-05-17T14:00:35.117Z,44,-36,4159
,,0,2023-05-17T14:00:35.137Z,48,-39,4145
,,0,2023-05-17T14:00:35.157Z,62,-3,4187
,,0,2023-05-17T14:00:35.177Z,46,-21,4151
,,0,2023-05-17T14:00:35.197Z,73,-20,4118
,,0,2023-05-17T14:00:35.217Z,45,-27,4149
,,0,2023-05-17T14:00:35.237Z,54,-31,4141
,,0,2023-05-17T14:00:35.257Z,31,-31,4141
,,0,2023-05-17T14:00:35.277Z,42,-32,4136
,,0,2023-05-17T14:00:35.297Z,72,-27,4155
,,0,2023-05-17T14:00:35.317Z,58,-29,4144
,,0,2023-05-17T14:00:35.337Z,46,-14,4100
,,0,2023-05-17T14:00:35.357Z,48,-44,4162
,,0,2023-05-17T14:00:35.377Z,42,-28,4111
,,0,2023-05-17T14:00:35.397Z,33,-27,4147
,,0,2023-05-17T14:00:35.417Z,62,-36,4154
,,0,2023-05-17T14:00:35.437Z,73,-61,4117
,,0,2023-05-17T14:00:35.457Z,51,-15,4138
,,0,2023-05-17T14:00:35.477Z,64,-28,4126
,,0,2023-05-17T14:00:35.497Z,40,5,4155
,,0,2023-05-17T14:00:35.517Z,58,-13,4138
,,0,2023-05-17T14:00:35.537Z,69,-20,4100
,,0,2023-05-17T14:00:35.557Z,47,-19,4108
,,0,2023-05-17T14:00:35.577Z,37,-46,4109
,,0,2023-05-17T14:00:35.597Z,45,-12,4141
,,0,2023-05-17T14:00:35.617Z,42,-24,4179
,,0,2023-05-17T14:00:35.637Z,34,-26,4201
,,0,2023-05-17T14:00:35.657Z,50,-30,4126
,,0,2023-05-17T14:00:35.677Z,59,-17,4124
,,0,2023-05-17T14:00:35.697Z,62,-49,4153
,,0,2023-05-17T14:00:35.717Z,50,-41,4107
,,0,2023-05-17T14:00:35.737Z,23,-5,4178
,,0,2023-05-17T14:00:35.757Z,54,-45,4120
,,0,2023-05-17T14:00:35.777Z,49,-4,4147
,,0,2023-05-17T14:00:35.797Z,53,9,4170
,,0,2023-05-17T14:00:35.817Z,34,-8,4148
,,0,2023-05-17T14:00:35.837Z,49,-24,4131
,,0,2023-05-17T14:00:35.857Z,49,-24,4151
,,0,2023-05-17T14:00:35.877Z,59,-17,4163
,,0,2023-05-17T14:00:35.897Z,55,-27,4150
,,0,2023-05-17T14:00:35.917Z,68,-28,4175
,,0,2023-05-17T14:00:35.937Z,32,0,4173
,,0,2023-05-17T14:00:35.957Z,65,-26,4129
,,0,2023-05-17T14:00:35.977Z,39,-49,4160
,,0,2023-05-17T14:00:35.997Z,60,-39,4173
,,0,2023-05-17T14:00:36.017Z,48,-22,4156
,,0,2023-05-17T14:00:36.037Z,66,-34,4124
,,0,2023-05-17T14:00:36.057Z,68,-42,4120
,,0,2023-05-17T14:00:36.077Z,50,-11,4139
,,0,2023-05-17T14:00:36.097Z,60,-8,4120
,,0,2023-05-17T14:00:36.117Z,38,-9,4130
,,0,2023-05-17T14:00:36.137Z,69,-36,4148
,,0,2023-05-17T14:00:36.157Z,40,-16,4136
,,0,2023-05-17T14:00:36.177Z,24,-19,4116
,,0,2023-05-17T14:00:36.197Z,46,-38,4130
,,0,2023-05-17T14:00:36.217Z,29,-20,4103
,,0,2023-05-17T14:00:36.237Z,30,-19,4158
,,0,2023-05-17T14:00:36.257Z,64,-22,4140
,,0,2023-05-17T14:00:36.277Z,55,-12,4122
,,0,2023-05-17T14:00:36.297Z,50,-42,4096
,,0,2023-05-17T14:00:36.317Z,25,-2,4132
,,0,2023-05-17T14:00:36.337Z,63,-24,4144
,,0,2023-05-17T14:00:36.357Z,54,-14,4150
,,0,2023-05-17T14:00:36.377Z,46,-32,4114
,,0,2023-05-17T14:00:36.397Z,25,-27,4145
,,0,2023-05-17T14:00:36.417Z,53,-31,4109
,,0,2023-05-17T14:00:36.437Z,47,-22,4167
,,0,2023-05-17T14:00:36.457Z,55,-33,4164
,,0,2023-05-17T14:00:36.477Z,38,-24,4159
,,0,2023-05-17T14:00:36.497Z,44,-26,4102
,,0,2023-05-17T14:00:36.517Z,33,-43,4134
,,0,2023-05-17T14:00:36.537Z,43,-28,4143
,,0,2023-05-17T14:00:36.557Z,54,-18,4151
,,0,2023-05-17T14:00:36.577Z,63,-30,4146
,,0,2023-05-17T14:00:36.597Z,71,-14,4125
,,0,2023-05-17T14:00:36.617Z,51,-15,4218
,,0,2023-05-17T14:00:36.637Z,30,-18,4165
,,0,2023-05-17T14:00:36.657Z,64,-22,4127
,,0,2023-05-17T14:00:36.677Z,63,-5,4120
,,0,2023-05-17T14:00:36.697Z,63,-10,4121
,,0,2023-05-17T14:00:36.717Z,66,-43,4178
,,0,2023-05-17T14:00:36.737Z,43,-22,4141
,,0,2023-05-17T14:00:36.757Z,49,-28,4097
,,0,2023-05-17T14:00:36.777Z,46,-19,4140
,,0,2023-05-17T14:00:36.797Z,68,-15,4146
,,0,2023-05-17T14:00:36.817Z,51,-24,4176
,,0,2023-05-17T14:00:36.837Z,45,-14,4141
,,0,2023-05-17T14:00:36.857Z,49,-39,4158
,,0,2023-05-17T14:00:36.877Z,51,-5,4134
,,0,2023-05-17T14:00:36.897Z,36,-25,4148
,,0,2023-05-17T14:00:36.917Z,36,-30,4162
,,0,2023-05-17T14:00:36.937Z,65,-10,4144
,,0,2023-05-17T14:00:36.957Z,55,-29,4136
,,0,2023-05-17T14:00:36.977Z,40,-23,4164
,,0,2023-05-17T14:00:36.997Z,66,-44,4130
,,0,2023-05-17T14:00:37.017Z,57,-36,4184
,,0,2023-05-17T14:00:37.037Z,50,-30,4169
,,0,2023-05-17T14:00:37.057Z,52,-23,4154
,,0,2023-05-17T14:00:37.077Z,29,-30,4156
,,0,2023-05-17T14:00:37.097Z,40,-29,4165
,,0,2023-05-17T14:00:37.117Z,34,7,4140
,,0,2023-05-17T14:00:37.137Z,53,-19,4125
,,0,2023-05-17T14:00:37.157Z,17,-23,4113
,,0,2023-05-17T14:00:37.177Z,49,-32,4118
,,0,2023-05-17T14:00:37.197Z,30,-6,4087
,,0,2023-05-17T14:00:37.217Z,51,-35,4127
,,0,2023-05-17T14:00:37.237Z,31,-29,4143
,,0,2023-05-17T14:00:37.257Z,43,-40,4152
,,0,2023-05-17T14:00:37.277Z,41,-41,4144
,,0,2023-05-17T14:00:37.297Z,46,-35,4109
,,0,2023-05-17T14:00:37.317Z,69,-6,4114
,,0,2023-05-17T14:00:37.337Z,32,-21,4150
,,0,2023-05-17T14:00:37.357Z,58,-5,4129
,,0,2023-05-17T14:00:37.377Z,43,-23,4185
,,0,2023-05-17T14:00:37.397Z,7,-43,4144
,,0,2023-05-17T14:00:37.417Z,56,-24,4144
,,0,2023-05-17T14:00:37.437Z,74,-36,4166
,,0,2023-05-17T14:00:37.457Z,53,-24,4156
,,0,2023-05-17T14:00:37.477Z,77,-41,4141
,,0,2023-05-17T14:00:37.497Z,39,-20,4108
,,0,2023-05-17T14:00:37.517Z,40,-19,4140
,,0,2023-05-17T14:00:37.537Z,32,-13,4134
,,0,2023-05-17T14:00:37.557Z,49,-41,4148
,,0,2023-05-17T14:00:37.577Z,72,-9,4174
,,0,2023-05-17T14:00:37.597Z,62,-48,4162
,,0,2023-05-17T14:00:37.617Z,46,-12,4136
,,0,2023-05-17T14:00:37.637Z,51,-44,4154
,,0,2023-05-17T14:00:37.657Z,52,-33,4149
,,0,2023-05-17T14:00:37.677Z,64,-10,4137
,,0,2023-05-17T14:00:37.697Z,52,-14,4179
,,0,2023-05-17T14:00:37.717Z,27,-40,4139
,,0,2023-05-17T14:00:37.737Z,33,-10,4137
,,0,2023-05-17T14:00:37.757Z,35,-35,4124
,,0,2023-05-17T14:00:37.777Z,66,2,4166
,,0,2023-05-17T14:00:37.797Z,60,-23,4139
,,0,2023-05-17T14:00:37.817Z,39,-21,4166
,,0,2023-05-17T14:00:37.837Z,61,-15,4166
,,0,2023-05-17T14:00:37.857Z,15,-45,4107
,,0,2023-05-17T14:00:37.877Z,69,-50,4123
,,0,2023-05-17T14:00:37.897Z,42,-37,4117
,,0,2023-05-17T14:00:37.917Z,39,-19,4179
,,0,2023-05-17T14:00:37.937Z,36,-28,4122
,,0,2023-05-17T14:00:37.957Z,35,-25,4155
,,0,2023-05-17T14:00:37.977Z,32,-46,4179
,,0,2023-05-17T14:00:37.997Z,46,-24,4148
,,0,2023-05-17T14:00:38.017Z,73,-25,4173
,,0,2023-05-17T14:00:38.037Z,67,-24,4151
,,0,2023-05-17T14:00:38.057Z,48,-27,4131
,,0,2023-05-17T14:00:38.077Z,57,-33,4127
,,0,2023-05-17T14:00:38.097Z,51,-16,4116
,,0,2023-05-17T14:00:38.117Z,41,-33,4155
,,0,2023-05-17T14:00:38.137Z,57,-17,4165
,,0,2023-05-17T14:00:38.157Z,43,-33,4149
,,0,2023-05-17T14:00:38.177Z,76,-13,4157
,,0,2023-05-17T14:00:38.197Z,64,-24,4129
,,0,2023-05-17T14:00:38.217Z,67,-31,4154
,,0,2023-05-17T14:00:38.237Z,58,-31,4151
,,0,2023-05-17T14:00:38.257Z,55,-11,4153
,,0,2023-05-17T14:00:38.277Z,27,-5,4132
,,0,2023-05-17T14:00:38.297Z,65,-36,4126
,,0,2023-05-17T14:00:38.317Z,31,-5,4143
,,0,2023-05-17T14:00:38.337Z,55,-19,4130
,,0,2023-05-17T14:00:38.357Z,67,-7,4113
,,0,2023-05-17T14:00:38.377Z,47,-12,4172
,,0,2023-05-17T14:00:38.397Z,34,-38,4118
,,0,2023-05-17T14:00:38.417Z,49,-35,4149
,,0,2023-05-17T14:00:38.437Z,58,-41,4171
,,0,2023-05-17T14:00:38.457Z,51,-19,4136
,,0,2023-05-17T14:00:38.477Z,45,-27,4158
,,0,2023-05-17T14:00:38.497Z,25,-27,4174
,,0,2023-05-17T14:00:38.517Z,39,-20,4167
,,0,2023-05-17T14:00:38.537Z,45,-4,4147
,,0,2023-05-17T14:00:38.557Z,73,-26,4143
,,0,2023-05-17T14:00:38.577Z,33,-28,4136
,,0,2023-05-17T14:00:38.597Z,34,-34,4147
,,0,2023-05-17T14:00:38.617Z,58,-28,4133
,,0,2023-05-17T14:00:38.637Z,51,-21,4163
,,0,2023-05-17T14:00:38.657Z,39,-26,4164
,,0,2023-05-17T14:00:38.677Z,56,-37,4165
,,0,2023-05-17T14:00:38.697Z,40,-25,4145
,,0,2023-05-17T14:00:38.717Z,34,-14,4131
,,0,2023-05-17T14:00:38.737Z,57,-11,4166
,,0,2023-05-17T14:00:38.757Z,54,-31,4146
,,0,2023-05-17T14:00:38.777Z,57,-25,4122
,,0,2023-05-17T14:00:38.797Z,55,-28,4164
,,0,2023-05-17T14:00:38.817Z,43,-22,4121
,,0,2023-05-17T14:00:38.837Z,58,-22,4157
,,0,2023-05-17T14:00:38.857Z,46,-18,4143
,,0,2023-05-17T14:00:38.877Z,51,-14,4104
,,0,2023-05-17T14:00:38.897Z,27,-15,4140
,,0,2023-05-17T14:00:38.917Z,44,-25,4165
,,0,2023-05-17T14:00:38.937Z,33,-8,4159
,,0,2023-05-17T14:00:38.957Z,49,-30,4149
,,0,2023-05-17T14:00:38.977Z,60,-16,4143
,,0,2023-05-17T14:00:38.997Z,45,-26,4137
,,0,2023-05-17T14:00:39.017Z,44,-14,4111
,,0,2023-05-17T14:00:39.037Z,52,-11,4176
,,0,2023-05-17T14:00:39.057Z,17,-29,4151
,,0,2023-05-17T14:00:39.077Z,76,-10,4134
,,0,2023-05-17T14:00:39.097Z,55,-26,4146
,,0,2023-05-17T14:00:39.117Z,45,-4,4144
,,0,2023-05-17T14:00:39.137Z,41,-12,4166
,,0,2023-05-17T14:00:39.157Z,67,-27,4165
,,0,2023-05-17T14:00:39.177Z,59,-18,4150
,,0,2023-05-17T14:00:39.197Z,38,0,4141
,,0,2023-05-17T14:00:39.217Z,20,-48,4116
,,0,2023-05-17T14:00:39.237Z,46,-26,4183
,,0,2023-05-17T14:00:39.257Z,40,-19,4150
,,0,2023-05-17T14:00:39.277Z,50,-15,4144
,,0,2023-05-17T14:00:39.297Z,52,-31,4132
,,0,2023-05-17T14:00:39.317Z,40,-36,4143
,,0,2023-05-17T14:00:39.337Z,50,-19,4133
,,0,2023-05-17T14:00:39.357Z,36,-41,4122
,,0,2023-05-17T14:00:39.397Z,43,-30,4175
,,0,2023-05-17T14:00:39.417Z,45,-2,4176
,,0,2023-05-17T14:00:39.437Z,55,-15,4126
,,0,2023-05-17T14:00:39.457Z,45,-53,4161
,,0,2023-05-17T14:00:39.477Z,62,-36,4156
,,0,2023-05-17T14:00:39.497Z,72,-26,4152
,,0,2023-05-17T14:00:39.517Z,72,-14,4139
,,0,2023-05-17T14:00:39.537Z,47,-30,4144
,,0,2023-05-17T14:00:39.557Z,34,-36,4149
,,0,2023-05-17T14:00:39.577Z,72,-36,4158
,,0,2023-05-17T14:00:39.597Z,29,-4,4101
,,0,2023-05-17T14:00:39.617Z,43,-30,4161
,,0,2023-05-17T14:00:39.637Z,42,-16,4121
,,0,2023-05-17T14:00:39.657Z,59,-29,4155
,,0,2023-05-17T14:00:39.677Z,36,-17,4190
,,0,2023-05-17T14:00:39.697Z,61,-25,4189
,,0,2023-05-17T14:00:39.717Z,74,-35,4129
,,0,2023-05-17T14:00:39.737Z,66,-26,4160
,,0,2023-05-17T14:00:39.757Z,58,-15,4155
,,0,2023-05-17T14:00:39.777Z,22,-35,4099
,,0,2023-05-17T14:00:39.797Z,57,-36,4145
,,0,2023-05-17T14:00:39.817Z,49,-15,4147
,,0,2023-05-17T14:00:39.837Z,51,-30,4174
,,0,2023-05-17T14:00:39.857Z,36,-20,4093
,,0,2023-05-17T14:00:39.877Z,63,-35,4160
,,0,2023-05-17T14:00:39.897Z,44,-37,4153
,,0,2023-05-17T14:00:39.917Z,41,-29,4133
,,0,2023-05-17T14:00:39.937Z,38,-33,4116
,,0,2023-05-17T14:00:39.957Z,25,-34,4147
,,0,2023-05-17T14:00:39.977Z,39,-39,4129
,,0,2023-05-17T14:00:39.997Z,54,-15,4193